,longitude,latitude,time,B8,B4,B5,B11,B9,B1,SR_n2,SR_N,TBVI1,NDWI,NDVI_G,P,K,OC,N,pH
0,74.93472113963392,33.80059478521579,1613454580078,,,,,,,,,,,,,,,,
1,74.80850784221512,33.800864279801026,1613454580078,,,,,,,,,,,,,,,,
2,74.93552962338963,33.800864279801026,1613454580078,1376.0,1136.0,1374.0,2015.0,1740.0,996.0,1.176068376068376,1.3128249566724437,0.5435126582278481,-0.08091123330714847,0.12849162011173185,12.241877100830857,716.0422739684333,0.20254034728358616,265.8404367543786,7.955
3,74.93579911797487,33.80041512215897,1613454580078,,,,,,,,,,,,,,,,
4,74.93561945491804,33.800864279801026,1613454580078,,,,,,,,,,,,,,,,
5,74.93588894950328,33.800684616744206,1613454580078,2328.0,1390.0,1729.0,2462.0,1575.0,1013.0,1.7962962962962963,1.955105633802817,0.6034904013961606,-0.2847682119205298,0.2630082456639181,10.289908810091731,182.32683339004004,0.5611390485990372,181.26397752828925,7.955
6,74.93579911797487,33.80059478521579,1613454580078,1860.0,1406.0,1445.0,2208.0,1575.0,1013.0,1.3191489361702127,1.4505494505494505,0.5314453843324751,-0.13761467889908258,0.13443830570902393,14.878340077809431,734.9814527854386,0.283073256949013,212.08623498155026,8.205
7,74.93526012880439,33.800864279801026,1613454580078,1958.0,1628.0,1792.0,2415.0,1740.0,996.0,1.3337874659400546,1.547581903276131,0.58295380611581,-0.14302393461762988,0.14947856315179606,6.857511641898849,679.8561439888913,-0.037358546898794254,184.83533888513716,6.9125
8,74.9353499603328,33.80104394285785,1613454580078,2120.0,1588.0,1731.0,2528.0,1740.0,996.0,1.5451895043731778,1.7,0.5946410168327035,-0.21420389461626574,0.1876850207223209,10.323850058594765,267.9724172096455,0.06877111383439483,176.47686184652264,7.825
9,74.93606861256009,33.80077444827262,1613454580078,,,,,,,,,,,,,,,,
10,74.9353499603328,33.80095411132944,1613454580078,1906.0,1466.0,1731.0,2528.0,1740.0,996.0,1.4913928012519562,1.7443478260869565,0.600833044081916,-0.1972361809045226,0.22168087697929353,9.473811281804247,228.7588614219424,0.100840003373453,192.42376593752465,7.6
11,74.93579911797487,33.80077444827262,1613454580078,1938.0,1438.0,1279.0,1900.0,1575.0,1013.0,1.4002890173410405,1.2766295707472177,0.5041387465510445,-0.16676700782661047,0.07424749163879599,30.27832536764944,659.5888728571429,0.4112687637741054,269.9036496060998,8.0125
12,74.93588894950328,33.80041512215897,1613454580078,,,,,,,,,,,,,,,,
13,74.93588894950328,33.80059478521579,1613454580078,2236.0,1492.0,1729.0,2462.0,1575.0,1013.0,1.6109510086455332,1.8086319218241043,0.5847142374027731,-0.23399558498896247,0.23081185924078693,12.672535648556986,242.43176878918686,0.2502998949858749,188.41082545335775,7.3875
14,74.73152222236608,33.801133774386265,1613454580078,,,,,,,,,,,,,,,,
15,74.9353499603328,33.80059478521579,1613454580078,2044.0,1662.0,1797.0,2517.0,1740.0,996.0,1.2775,1.4726507713884993,0.5575550729134346,-0.12184412733260154,0.13513513513513514,9.283741111153722,743.7157253518241,0.07160541292523503,190.7507417371871,7.78
16,74.93561945491804,33.80041512215897,1613454580078,1946.0,1636.0,1655.0,2370.0,1814.0,1089.0,1.2685788787483703,1.4176737160120847,0.5555555555555556,-0.11839080459770115,0.10055702140134858,11.746824552514452,754.1410772816167,0.06472003092525669,188.70051218457593,7.7475000000000005
17,74.93579911797487,33.800864279801026,1613454580078,1534.0,1224.0,1279.0,1900.0,1575.0,1013.0,1.1246334310850439,1.2746031746031745,0.5037416305632139,-0.05866114561766736,0.08148148148148149,19.26600307511648,484.31344194462395,0.5570071864062358,298.7322570532272,7.8775
18,74.93561945491804,33.800864279801026,1613454580078,,,,,,,,,,,,,,,,
19,74.93570928644645,33.80077444827262,1613454580078,,,,,,,,,,,,,,,,
20,74.80850784221512,33.80104394285785,1613454580078,,,,,,,,,,,,,,,,
21,74.93579911797487,33.80059478521579,1613454580078,1860.0,1406.0,1445.0,2208.0,1575.0,1013.0,1.3191489361702127,1.4505494505494505,0.5314453843324751,-0.13761467889908258,0.13443830570902393,14.878340077809431,734.9814527854386,0.283073256949013,212.08623498155026,8.205
22,74.93561945491804,33.80050495368738,1613454580078,1888.0,1438.0,1655.0,2370.0,1814.0,1089.0,1.2913816689466484,1.4416282642089093,0.5596888738586405,-0.1271641791044776,0.12428870919436957,10.350827918244672,800.4920335143444,0.017248893177365998,189.77045282171656,7.9675
23,74.93588894950328,33.80059478521579,1613454580078,2236.0,1492.0,1729.0,2462.0,1575.0,1013.0,1.6109510086455332,1.8086319218241043,0.5847142374027731,-0.23399558498896247,0.23081185924078693,12.672535648556986,242.43176878918686,0.2502998949858749,188.41082545335775,7.3875
24,74.93588894950328,33.80059478521579,1613454580078,2236.0,1492.0,1729.0,2462.0,1575.0,1013.0,1.6109510086455332,1.8086319218241043,0.5847142374027731,-0.23399558498896247,0.23081185924078693,12.672535648556986,242.43176878918686,0.2502998949858749,188.41082545335775,7.3875
25,74.93588894950328,33.80041512215897,1613454580078,,,,,,,,,,,,,,,,
26,74.93597878103168,33.80050495368738,1613454580078,,,,,,,,,,,,,,,,
27,74.93588894950328,33.80095411132944,1613454580078,,,,,,,,,,,,,,,,
28,74.93526012880439,33.80059478521579,1613454580078,1994.0,1558.0,1797.0,2517.0,1740.0,996.0,1.404225352112676,1.6719745222929936,0.5886013756960367,-0.1681312243702402,0.19318181818181818,7.9363532855967485,190.79273594093445,0.004605940032612499,173.7205233027726,6.9125
29,74.9353499603328,33.800864279801026,1613454580078,1874.0,1498.0,1792.0,2415.0,1740.0,996.0,1.348201438848921,1.5746031746031746,0.5871559633027523,-0.1482843137254902,0.17605216360403084,6.502435893802058,514.7953299373221,-0.03686686916841053,188.6258460279943,6.9125
30,74.93588894950328,33.80104394285785,1613454580078,1288.0,1038.0,1263.0,1875.0,1575.0,1013.0,1.2105263157894737,1.4789311408016443,0.5648479427549195,-0.09523809523809523,0.14982021574111068,6.5175227735341394,769.2855633891108,0.1701197583989349,252.93664799308132,8.1325
31,74.9353499603328,33.80059478521579,1613454580078,2044.0,1662.0,1797.0,2517.0,1740.0,996.0,1.2775,1.4726507713884993,0.5575550729134346,-0.12184412733260154,0.13513513513513514,9.283741111153722,743.7157253518241,0.07160541292523503,190.7507417371871,7.78
32,74.80554340177753,33.80095411132944,1613454580078,5728.0,4992.0,4804.0,4435.0,4853.0,4647.0,1.115264797507788,0.9420592705167173,0.477155343663091,-0.054491899852724596,-0.017533432392273403,30.41912729306423,173.72564263753011,0.4133418076500907,204.11317960380035,4.7175
33,74.93579911797487,33.80095411132944,1613454580078,1144.0,930.0,1129.0,1852.0,1575.0,1013.0,1.1085271317829457,1.3930753564154785,0.5348176219801042,-0.051470588235294115,0.14,10.600794802330364,634.2562730860806,0.36943204309685584,270.2234504917523,8.2425
34,74.93579911797487,33.801133774386265,1613454580078,1710.0,1346.0,1458.0,2300.0,1725.0,972.0,1.381260096930533,1.4697508896797153,0.5646785437645236,-0.16010854816824965,0.14325259515570934,11.871641965541873,722.8700779730628,0.010421173283481688,193.97267787228841,6.9125
35,74.93543979186121,33.80032529063056,1613454580078,1658.0,1218.0,1482.0,2772.0,2046.0,1069.0,1.4195205479452055,1.7888257575757576,0.5839243498817966,-0.17338995046001415,0.23585214262348708,10.514162275613026,238.05062514755716,0.04181351502509634,180.68235935921513,6.85
36,74.9353499603328,33.80077444827262,1613454580078,1908.0,1580.0,1792.0,2415.0,1740.0,996.0,1.308641975308642,1.5261538461538462,0.5795601552393272,-0.13368983957219252,0.15281812899477049,6.366938817148737,763.1078767895227,-0.024141500750790357,184.98533888513717,7.275
37,74.80850784221512,33.80059478521579,1613454580078,,,,,,,,,,,,,,,,
38,74.93543979186121,33.800864279801026,1613454580078,1722.0,1542.0,1374.0,2015.0,1740.0,996.0,1.0926395939086295,1.0729461756373937,0.49318018664752333,-0.044269254093389936,-0.01973471368489162,23.13547572791219,533.213566331169,0.6159241652085284,276.58118390683006,7.8100000000000005
39,74.93526012880439,33.800684616744206,1613454580078,,,,,,,,,,,,,,,,
40,74.93561945491804,33.80104394285785,1613454580078,1398.0,1074.0,1129.0,1852.0,1575.0,1013.0,1.2504472271914133,1.2979127134724857,0.5171781951442969,-0.11128775834658187,0.1005631536604988,20.532607228862265,545.7025031351001,0.41922056215622144,294.42338016893507,8.102500000000001
41,74.9353499603328,33.80077444827262,1613454580078,1908.0,1580.0,1792.0,2415.0,1740.0,996.0,1.308641975308642,1.5261538461538462,0.5795601552393272,-0.13368983957219252,0.15281812899477049,6.366938817148737,763.1078767895227,-0.024141500750790357,184.98533888513717,7.275
42,74.93579911797487,33.80041512215897,1613454580078,,,,,,,,,,,,,,,,
43,74.93588894950328,33.80095411132944,1613454580078,,,,,,,,,,,,,,,,
44,74.9353499603328,33.80095411132944,1613454580078,1906.0,1466.0,1731.0,2528.0,1740.0,996.0,1.4913928012519562,1.7443478260869565,0.600833044081916,-0.1972361809045226,0.22168087697929353,9.473811281804247,228.7588614219424,0.100840003373453,192.42376593752465,7.6
45,74.93526012880439,33.801133774386265,1613454580078,1910.0,1538.0,1427.0,2477.0,1816.0,962.0,1.3469675599435824,1.378836833602585,0.5354596622889306,-0.14783653846153846,0.09248,19.256129059563968,682.6942746666666,0.17319060384263818,202.742109332526,8.254999999999999
46,74.93579911797487,33.80059478521579,1613454580078,1860.0,1406.0,1445.0,2208.0,1575.0,1013.0,1.3191489361702127,1.4505494505494505,0.5314453843324751,-0.13761467889908258,0.13443830570902393,14.878340077809431,734.9814527854386,0.283073256949013,212.08623498155026,8.205
47,74.93579911797487,33.800684616744206,1613454580078,2030.0,1436.0,1445.0,2208.0,1575.0,1013.0,1.5081723625557206,1.5477386934673367,0.5475558923834786,-0.20260663507109006,0.15716969317470256,18.7234306351558,685.8035276140853,0.20874799775430308,221.68337849986426,8.049999999999999
48,74.9939201168574,33.80077444827262,1613454580078,,,,,,,,,,,,,,,,
49,74.93579911797487,33.800864279801026,1613454580078,1534.0,1224.0,1279.0,1900.0,1575.0,1013.0,1.1246334310850439,1.2746031746031745,0.5037416305632139,-0.05866114561766736,0.08148148148148149,19.26600307511648,484.31344194462395,0.5570071864062358,298.7322570532272,7.8775
50,74.93579911797487,33.80104394285785,1613454580078,1346.0,1086.0,1129.0,1852.0,1575.0,1013.0,1.24860853432282,1.3204633204633205,0.5214780600461894,-0.11056105610561057,0.11856091578086672,18.384319086057353,590.2637163890685,0.37431706166787204,253.4966409152177,7.8675
51,74.93552962338963,33.800864279801026,1613454580078,1376.0,1136.0,1374.0,2015.0,1740.0,996.0,1.176068376068376,1.3128249566724437,0.5435126582278481,-0.08091123330714847,0.12849162011173185,12.241877100830857,716.0422739684333,0.20254034728358616,265.8404367543786,7.955
52,74.93588894950328,32.65344616739517,1613454594717,,,,,,,,,,,,,,,,
53,74.93570928644645,33.800864279801026,1613454580078,,,,,,,,,,,,,,,,
54,74.93543979186121,32.65344616739517,1613454594717,,,,,,,,,,,,,,,,
55,74.93606861256009,33.80059478521579,1613454580078,,,,,,,,,,,,,,,,
56,74.93526012880439,33.80059478521579,1613454580078,1994.0,1558.0,1797.0,2517.0,1740.0,996.0,1.404225352112676,1.6719745222929936,0.5886013756960367,-0.1681312243702402,0.19318181818181818,7.9363532855967485,190.79273594093445,0.004605940032612499,173.7205233027726,6.9125
57,74.80850784221512,32.655781787133876,1613454594717,2234.0,1268.0,1311.0,1615.0,2107.0,616.0,1.816260162601626,2.1194353963083605,0.5873655913978495,-0.28983833718244806,0.22690131992457574,17.144686015831006,273.491219824034,0.8468480526539396,256.3349671722353,7.9750000000000005
58,74.93597878103168,32.65344616739517,1613454594717,,,,,,,,,,,,,,,,
59,74.93597878103168,33.80077444827262,1613454580078,2100.0,1474.0,1505.0,2117.0,1575.0,1013.0,1.4542936288088644,1.4589257503949447,0.5431252255503428,-0.18510158013544017,0.1224551807961106,19.26719710332763,748.4073867324629,0.17800203792903868,220.11298750981686,7.4375
60,74.93561945491804,32.65344616739517,1613454594717,,,,,,,,,,,,,,,,
61,74.93588894950328,33.80095411132944,1613454580078,,,,,,,,,,,,,,,,
62,74.83608612143759,33.80104394285785,1613454580078,,,,,,,,,,,,,,,,
63,74.93570928644645,33.80095411132944,1613454580078,1198.0,990.0,1129.0,1852.0,1575.0,1013.0,1.1563706563706564,1.4235171696149844,0.5401913875598087,-0.07251566696508505,0.13810316139767054,9.93445284174114,654.8263047352648,0.3280688687608979,267.490420188722,8.12
64,74.93579911797487,33.80104394285785,1613454580078,1346.0,1086.0,1129.0,1852.0,1575.0,1013.0,1.24860853432282,1.3204633204633205,0.5214780600461894,-0.11056105610561057,0.11856091578086672,18.384319086057353,590.2637163890685,0.37431706166787204,253.4966409152177,7.8675
65,74.93552962338963,33.80104394285785,1613454580078,1618.0,1242.0,1390.0,2261.0,1740.0,996.0,1.3327841845140034,1.4665461121157324,0.5568910256410257,-0.1426553672316384,0.14386459802538787,11.347036630332937,629.8083208060923,0.06771710317966206,210.65336928642978,6.9125
66,74.93579911797487,33.80059478521579,1613454580078,1860.0,1406.0,1445.0,2208.0,1575.0,1013.0,1.3191489361702127,1.4505494505494505,0.5314453843324751,-0.13761467889908258,0.13443830570902393,14.878340077809431,734.9814527854386,0.283073256949013,212.08623498155026,8.205
67,74.93588894950328,33.800864279801026,1613454580078,1816.0,1446.0,1505.0,2117.0,1575.0,1013.0,1.2220726783310902,1.3866366366366367,0.5304899541769474,-0.09993943064809206,0.10831083108310831,13.384780623255331,994.5511082570213,0.33129679534671763,252.61073846423733,7.955
68,74.93526012880439,33.80104394285785,1613454580078,2098.0,1614.0,1731.0,2528.0,1740.0,996.0,1.502865329512894,1.708688245315162,0.595869191049914,-0.20091585575271895,0.17930629041740154,9.552212422850282,233.09790029602854,0.03834314892172663,194.90960813699184,7.825
69,74.93588894950328,32.8994947237155,1613454594717,1174.0,727.0,1119.0,1863.0,1850.0,298.0,1.8784,2.7588028169014085,0.6633076467101363,-0.3051695386325737,0.42974452554744524,19.305548838622315,207.70641479096906,0.7772937636757016,259.8792134920635,8.149999999999999
70,74.9353499603328,33.80050495368738,1613454580078,2092.0,1540.0,1587.0,2548.0,2046.0,1069.0,1.3190416141235812,1.4738751814223512,0.5352445193929174,-0.1375747688961392,0.12303013547138512,17.70833609396203,655.5952850115325,0.10838552336778695,193.27656395940932,7.97
71,74.93597878103168,33.80032529063056,1613454580078,2018.0,1616.0,1774.0,2405.0,1814.0,1089.0,1.3417553191489362,1.4977409638554218,0.5718891038039974,-0.1459398069278819,0.13884912682507872,9.420616195859516,752.4157593900655,-0.06272979495463582,185.22733888513713,7.275
72,74.80850784221512,33.80032529063056,1613454580078,,,,,,,,,,,,,,,,
73,74.93561945491804,33.801133774386265,1613454580078,1584.0,1166.0,1458.0,2300.0,1725.0,972.0,1.3244147157190636,1.4619469026548673,0.5633693972179289,-0.13956834532374102,0.1601123595505618,9.36935219876047,633.4957272720849,0.024495273695522957,194.7839778722884,6.9125
74,74.9353499603328,33.80077444827262,1613454580078,1908.0,1580.0,1792.0,2415.0,1740.0,996.0,1.308641975308642,1.5261538461538462,0.5795601552393272,-0.13368983957219252,0.15281812899477049,6.366938817148737,763.1078767895227,-0.024141500750790357,184.98533888513717,7.275
75,74.93552962338963,33.801133774386265,1613454580078,1598.0,1208.0,1625.0,2794.0,1816.0,962.0,1.3611584327086883,1.7234234234234234,0.5941499085923218,-0.15295815295815296,0.2393909944930353,7.4364936532548125,227.82715591845616,0.04095091253175209,173.17823771419353,6.625
76,74.93588894950328,32.80912420613308,1613454594717,,,,,,,,,,,,,,,,
77,74.84336247523896,33.80050495368738,1613454580078,,,,,,,,,,,,,,,,
78,74.93543979186121,33.800684616744206,1613454580078,1816.0,1440.0,1532.0,2218.0,1740.0,996.0,1.3695324283559578,1.5584745762711865,0.5648967551622419,-0.15595162316995545,0.16208530805687205,10.688852465280409,715.0406962307612,0.03589454770087708,199.935778908971,6.9125
79,74.93579911797487,33.80032529063056,1613454580078,,,,,,,,,,,,,,,,
80,74.93561945491804,33.80095411132944,1613454580078,948.0,692.0,1080.0,2144.0,1944.0,1032.0,1.1791044776119404,1.9322990126939352,0.6036892118501956,-0.0821917808219178,0.26034958601655933,9.211863953574978,438.15340767086747,0.2517887486813676,224.98350832398813,8.1525
81,74.9353499603328,32.6108660229279,1613454594717,,,,,,,,,,,,,,,,
82,74.93570928644645,33.80041512215897,1613454580078,2034.0,1632.0,1739.0,2568.0,2043.0,1044.0,1.3346456692913387,1.584126984126984,0.5798599533177726,-0.1433389544688027,0.1340909090909091,9.348896829877912,739.4145847381911,-0.08926499197390325,186.34277221847046,7.7250000000000005
83,74.93552962338963,33.800684616744206,1613454580078,1376.0,1054.0,1549.0,2432.0,1937.0,1030.0,1.2176991150442478,1.9344933469805528,0.6132224861441014,-0.09816440542697526,0.25165562913907286,7.486810044290616,595.776518126635,0.23882267604250884,197.8672904772515,8.1525
84,74.93552962338963,33.80041512215897,1613454580078,2036.0,1764.0,1684.0,2603.0,2046.0,1006.0,1.2935196950444727,1.5243328100470959,0.5693035835023664,-0.12797783933518006,0.10466439135381114,11.014684787339409,728.9536826071413,-0.03187147758105602,184.26679016718845,8.092500000000001
85,74.93552962338963,33.80041512215897,1613454580078,2036.0,1764.0,1684.0,2603.0,2046.0,1006.0,1.2935196950444727,1.5243328100470959,0.5693035835023664,-0.12797783933518006,0.10466439135381114,11.014684787339409,728.9536826071413,-0.03187147758105602,184.26679016718845,8.092500000000001
86,74.93597878103168,32.65344616739517,1613454594717,,,,,,,,,,,,,,,,
87,74.93526012880439,33.80077444827262,1613454580078,,,,,,,,,,,,,,,,
88,74.93561945491804,33.80059478521579,1613454580078,1382.0,1150.0,1484.0,2336.0,1944.0,1032.0,1.1574539363484087,1.840952380952381,0.585635359116022,-0.07298136645962733,0.23632874960025585,4.744656773070725,582.5377811577561,0.22145517704259432,206.87485052624254,8.1525
89,74.80850784221512,33.801133774386265,1613454580078,,,,,,,,,,,,,,,,
90,74.93588894950328,33.801133774386265,1613454580078,1440.0,1196.0,1649.0,2229.0,1896.0,1010.0,1.254355400696864,2.0153846153846153,0.6443923407581086,-0.11282843894899536,0.2300469483568075,9.811377733790653,349.4181366572364,0.363279798841243,193.0778489368475,8.399999999999999
91,74.93552962338963,33.80050495368738,1613454580078,2062.0,1704.0,1684.0,2603.0,2046.0,1006.0,1.311704834605598,1.5054263565891473,0.5662407531943511,-0.13483764446890478,0.10529311326124074,12.033989481015631,576.9063967776661,-0.04253286060178374,182.91195683385507,7.825000000000001
92,74.93570928644645,33.800684616744206,1613454580078,,,,,,,,,,,,,,,,
93,74.93588894950328,33.80104394285785,1613454580078,,,,,,,,,,,,,,,,
94,74.93463130810551,32.80912420613308,1613454594717,,,,,,,,,,,,,,,,
95,74.93463130810551,33.80050495368738,1613454580078,1664.0,1124.0,1703.0,3358.0,2801.0,1077.0,1.375206611570248,2.5819265143992056,0.6284132841328414,-0.1579679888656924,0.3648293963254593,15.472950522645405,176.084847688119,0.7864108659214114,224.29081686614035,8.525
96,74.80850784221512,33.80095411132944,1613454580078,,,,,,,,,,,,,,,,
97,74.93463130810551,33.80050495368738,1613454580078,1664.0,1124.0,1703.0,3358.0,2801.0,1077.0,1.375206611570248,2.5819265143992056,0.6284132841328414,-0.1579679888656924,0.3648293963254593,15.472950522645405,176.084847688119,0.7864108659214114,224.29081686614035,8.525
98,74.9353499603328,33.800684616744206,1613454580078,2044.0,1776.0,1797.0,2677.0,1937.0,1030.0,1.2679900744416874,1.6653786707882534,0.5813652539631188,-0.11816192560175055,0.14414653570480487,6.551325252061442,833.2840050492916,0.01648188211421031,182.25294144019077,8.09
99,74.93588894950328,33.801133774386265,1613454580078,1440.0,1196.0,1649.0,2229.0,1896.0,1010.0,1.254355400696864,2.0153846153846153,0.6443923407581086,-0.11282843894899536,0.2300469483568075,9.811377733790653,349.4181366572364,0.363279798841243,193.0778489368475,8.399999999999999
100,74.93561945491804,33.800864279801026,1613454580078,,,,,,,,,,,,,,,,
101,74.93588894950328,32.68470753928252,1613454594717,,,,,,,,,,,,,,,,
102,74.93588894950328,33.800684616744206,1613454580078,,,,,,,,,,,,,,,,
103,74.93597878103168,33.80050495368738,1613454580078,,,,,,,,,,,,,,,,
104,74.93561945491804,33.80041512215897,1613454580078,2034.0,1632.0,1739.0,2568.0,2043.0,1044.0,1.3346456692913387,1.584126984126984,0.5798599533177726,-0.1433389544688027,0.1340909090909091,9.348896829877912,739.4145847381911,-0.08926499197390325,186.34277221847046,7.7250000000000005
105,74.77176674709463,33.80050495368738,1613454580078,2276.0,1898.0,2368.0,1549.0,2443.0,1630.0,1.258849557522124,1.578395061728395,0.5937813440320963,-0.11459353574926542,0.1715922107674685,11.407195750404636,464.2897894481706,-0.0881184177042662,252.92594284723052,8.05
106,74.83608612143759,33.800864279801026,1613454580078,1600.0,975.0,1161.0,2058.0,1735.0,634.0,1.9559902200488997,2.572530864197531,0.6417910447761194,-0.32340777502067825,0.34164989939637824,18.933569086378384,199.89124712036383,0.8207018993927374,243.10864456706273,8.149999999999999
107,74.93526012880439,33.80059478521579,1613454580078,2076.0,1454.0,1797.0,2677.0,1937.0,1030.0,1.4723404255319148,1.969835466179159,0.6215842269111034,-0.19104991394148021,0.20897615708274894,8.821761803419456,230.91686374040327,0.2719047921999057,192.8248449534062,8.1125
108,74.93472113963392,33.80104394285785,1613454580078,1542.0,1188.0,1316.0,1999.0,1801.0,1020.0,1.4384328358208955,1.735129068462402,0.596284549161758,-0.17980107115531752,0.18105423987776928,12.01419708624259,251.70862542086059,0.09855582042975153,208.65197040481846,7.175
109,74.93526012880439,33.80050495368738,1613454580078,2010.0,1346.0,1513.0,2655.0,2046.0,1006.0,1.6368078175895766,1.9188660801564028,0.5966088328075709,-0.24150710315009266,0.23033531808210592,11.207029530172031,208.32885183853574,0.3104514348781643,179.69891125116374,7.937500000000001
110,74.93552962338963,33.800864279801026,1613454580078,1102.0,874.0,1551.0,2405.0,1937.0,1030.0,1.0921704658077305,1.5766871165644172,0.6132858837485172,-0.04405495026054003,0.20893767150137202,5.98043879613134,603.518332282762,0.17619974598013866,215.59288717847926,8.0775
111,74.93552962338963,33.80032529063056,1613454580078,2074.0,1578.0,1586.0,3167.0,2046.0,1006.0,1.4244505494505495,1.680579216354344,0.5746376811594203,-0.17507082152974504,0.15077282006415865,11.482044970864774,713.2401203733663,-0.030548738406799614,174.20931813937906,7.4375
112,74.93552962338963,33.80077444827262,1613454580078,1188.0,960.0,1551.0,2405.0,1937.0,1030.0,1.097966728280961,1.6491978609625668,0.6238938053097345,-0.04669603524229075,0.17530487804878048,6.736778447640651,716.0328166250355,0.2105854740819525,231.08679893061594,8.0775
113,74.74248166883234,33.800864279801026,1613454580078,,,,,,,,,,,,,,,,
114,74.93579911797487,33.80050495368738,1613454580078,,,,,,,,,,,,,,,,
115,74.93597878103168,33.800684616744206,1613454580078,2496.0,1482.0,1868.0,2666.0,1944.0,1032.0,1.8272327964860908,2.33206106870229,0.6406035665294925,-0.292594510616261,0.28293963254593174,12.838787645773277,208.76127740628553,0.7694876229467812,234.96850602230538,8.1425
116,74.93588894950328,33.80041512215897,1613454580078,,,,,,,,,,,,,,,,
117,74.93561945491804,33.80059478521579,1613454580078,1382.0,1150.0,1484.0,2336.0,1944.0,1032.0,1.1574539363484087,1.840952380952381,0.585635359116022,-0.07298136645962733,0.23632874960025585,4.744656773070725,582.5377811577561,0.22145517704259432,206.87485052624254,8.1525
118,74.9353499603328,33.80041512215897,1613454580078,1780.0,1232.0,1513.0,2655.0,2046.0,1006.0,1.5724381625441697,2.169060773480663,0.6257237386269644,-0.22252747252747251,0.2684975767366721,11.651544070500861,191.90763752350227,0.5480523495233426,201.66584999472823,8.1125
119,74.93597878103168,33.80050495368738,1613454580078,,,,,,,,,,,,,,,,
120,74.93597878103168,33.800684616744206,1613454580078,2496.0,1482.0,1868.0,2666.0,1944.0,1032.0,1.8272327964860908,2.33206106870229,0.6406035665294925,-0.292594510616261,0.28293963254593174,12.838787645773277,208.76127740628553,0.7694876229467812,234.96850602230538,8.1425
121,74.93597878103168,33.80050495368738,1613454580078,,,,,,,,,,,,,,,,
122,74.93543979186121,33.80032529063056,1613454580078,1542.0,1030.0,1586.0,3167.0,2046.0,1006.0,1.578300921187308,2.3376777251184833,0.6526748971193416,-0.2242953552997221,0.3376271186440678,14.25500786068313,206.11730674687757,0.7714899858347904,200.92713448503943,8.525
123,74.93570928644645,33.80041512215897,1613454580078,2034.0,1632.0,1739.0,2568.0,2043.0,1044.0,1.3346456692913387,1.584126984126984,0.5798599533177726,-0.1433389544688027,0.1340909090909091,9.348896829877912,739.4145847381911,-0.08926499197390325,186.34277221847046,7.7250000000000005
124,74.93588894950328,33.80104394285785,1613454580078,,,,,,,,,,,,,,,,
125,74.93579911797487,33.80104394285785,1613454580078,999.0,796.0,1080.0,2144.0,1944.0,1032.0,1.210909090909091,1.8975069252077563,0.5993340732519423,-0.09539473684210527,0.24829157175398633,8.802611058902425,415.04684517086747,0.20608774885766035,220.1091749906548,7.115
126,74.93597878103168,32.60251169078559,1613454594717,,,,,,,,,,,,,,,,
127,74.93588894950328,33.80041512215897,1613454580078,,,,,,,,,,,,,,,,
128,74.93552962338963,33.800684616744206,1613454580078,1376.0,1054.0,1549.0,2432.0,1937.0,1030.0,1.2176991150442478,1.9344933469805528,0.6132224861441014,-0.09816440542697526,0.25165562913907286,7.486810044290616,595.776518126635,0.23882267604250884,197.8672904772515,8.1525
129,74.93561945491804,33.80077444827262,1613454580078,,,,,,,,,,,,,,,,
130,74.93526012880439,32.65344616739517,1613454594717,,,,,,,,,,,,,,,,
131,74.93561945491804,33.800864279801026,1613454580078,,,,,,,,,,,,,,,,
132,74.84336247523896,33.80050495368738,1613454580078,,,,,,,,,,,,,,,,
133,74.93588894950328,33.800684616744206,1613454580078,,,,,,,,,,,,,,,,
134,74.93570928644645,33.80104394285785,1613454580078,1164.0,888.0,1080.0,2144.0,1944.0,1032.0,1.230443974630021,1.6727716727716728,0.5687203791469194,-0.1033175355450237,0.18307426597582038,7.675810803437924,425.73132459671695,0.1362798657678882,240.0524168614352,7.115
135,74.93597878103168,33.80032529063056,1613454580078,2020.0,1494.0,1793.0,2515.0,2043.0,1044.0,1.5052160953800298,1.8727272727272728,0.6197718631178707,-0.2016656751933373,0.21105232216343328,9.004990802825038,231.31369879076973,0.21754373406408478,185.34264436224555,8.1125
136,74.93588894950328,33.80059478521579,1613454580078,2282.0,1480.0,1868.0,2666.0,1944.0,1032.0,1.785602503912363,2.4612286002014097,0.6529185599440755,-0.28202247191011237,0.31327243417517464,15.381438766303518,192.43015384586587,0.8206328662910921,202.1517073273275,8.1425
137,74.93561945491804,33.80095411132944,1613454580078,948.0,692.0,1080.0,2144.0,1944.0,1032.0,1.1791044776119404,1.9322990126939352,0.6036892118501956,-0.0821917808219178,0.26034958601655933,9.211863953574978,438.15340767086747,0.2517887486813676,224.98350832398813,8.1525
138,74.93597878103168,33.80095411132944,1613454580078,,,,,,,,,,,,,,,,
139,74.93579911797487,33.80050495368738,1613454580078,,,,,,,,,,,,,,,,
140,74.93597878103168,32.65344616739517,1613454594717,,,,,,,,,,,,,,,,
141,74.80805868457307,33.80041512215897,1613454580078,,,,,,,,,,,,,,,,
142,74.93579911797487,33.80050495368738,1613454580078,,,,,,,,,,,,,,,,
143,74.93552962338963,33.80059478521579,1613454580078,1826.0,1376.0,1549.0,2432.0,1937.0,1030.0,1.3251088534107403,1.6814946619217082,0.5794986906098017,-0.13982521847690388,0.15667074663402691,7.717379595588435,768.1610696567835,-0.0014170515935937322,191.97260432744145,6.9125
144,74.80841801068671,33.801133774386265,1613454580078,,,,,,,,,,,,,,,,
145,74.93526012880439,32.86994015086797,1613454594717,2201.0,1252.0,1372.0,2703.0,2184.0,413.0,2.12862669245648,2.96271637816245,0.6462552991050401,-0.360741885625966,0.36544952439398587,22.708138565235163,189.03703701752403,0.7151650442274713,240.6716606612342,8.1
146,74.93597878103168,33.80059478521579,1613454580078,2376.0,1548.0,1868.0,2666.0,1944.0,1032.0,1.7393850658857979,2.3056603773584907,0.6379781420765027,-0.2699091394975949,0.28293963254593174,11.685902080475453,191.1660920861306,0.7604150488783376,189.96709143766162,8.055
147,74.93570928644645,33.80050495368738,1613454580078,1698.0,1328.0,1739.0,2568.0,2043.0,1044.0,1.2671641791044777,1.7356521739130435,0.6019383869851159,-0.11784068466096116,0.19664268585131894,5.775604690795497,358.3501248322238,0.034796632765415336,180.7479274959395,6.9125
148,74.93543979186121,33.80041512215897,1613454580078,1898.0,1444.0,1684.0,2603.0,2046.0,1006.0,1.4992101105845181,1.93812375249501,0.6269545793000745,-0.1997471554993679,0.21072319201995013,9.282721893019856,252.63052425061755,0.2812446144175419,186.7739248916778,8.1125
149,74.93561945491804,33.800864279801026,1613454580078,,,,,,,,,,,,,,,,
150,74.93561945491804,33.80032529063056,1613454580078,,,,,,,,,,,,,,,,
151,74.93588894950328,33.80032529063056,1613454580078,2158.0,1780.0,1793.0,2515.0,2043.0,1044.0,1.3142509135200975,1.5895061728395061,0.5804467465199094,-0.13578947368421052,0.1129119394921664,9.508007952335667,562.8865243959403,-0.06859414464177449,185.121747742946,7.7250000000000005
152,74.9353499603328,33.800864279801026,1613454580078,,,,,,,,,,,,,,,,
153,74.93606861256009,33.80077444827262,1613454580078,,,,,,,,,,,,,,,,
154,74.9353499603328,33.800684616744206,1613454580078,2044.0,1776.0,1797.0,2677.0,1937.0,1030.0,1.2679900744416874,1.6653786707882534,0.5813652539631188,-0.11816192560175055,0.14414653570480487,6.551325252061442,833.2840050492916,0.01648188211421031,182.25294144019077,8.09
155,74.9353499603328,33.80095411132944,1613454580078,2078.0,1656.0,1855.0,2923.0,1937.0,1030.0,1.5079825834542815,1.8203252032520325,0.6012965964343598,-0.2025462962962963,0.23804257672103954,9.033393609020829,251.03963934269433,0.173245210557052,195.07526066326477,8.0375
156,74.9353499603328,33.800684616744206,1613454580078,2044.0,1776.0,1797.0,2677.0,1937.0,1030.0,1.2679900744416874,1.6653786707882534,0.5813652539631188,-0.11816192560175055,0.14414653570480487,6.551325252061442,833.2840050492916,0.01648188211421031,182.25294144019077,8.09
157,74.93561945491804,33.801133774386265,1613454580078,1508.0,1142.0,1477.0,2358.0,1896.0,1010.0,1.3488372093023255,1.7497348886532345,0.6103305785123967,-0.1485148514851485,0.19219653179190752,7.632996910597049,255.3262302717059,0.04676563651363119,185.21140072826273,6.9125
158,74.93526012880439,33.80095411132944,1613454580078,2068.0,1544.0,1855.0,2923.0,1937.0,1030.0,1.540983606557377,2.205911330049261,0.6463414634146342,-0.2129032258064516,0.2504886903099693,11.116307559807225,254.00429021217792,0.6382321311499884,202.30606875774242,8.1125
159,74.93579911797487,33.80095411132944,1613714375473,1212.0,973.0,1080.0,2144.0,1944.0,1032.0,1.1038251366120218,1.3444553483807655,0.5145307289185327,-0.04935064935064935,0.11021069692058347,17.845056543692944,570.9402239194139,0.4704552943151295,300.4354914202158,7.8
160,74.93597878103168,32.658925890628296,1613886596262,2156.0,1354.0,1361.0,2176.0,2051.0,576.0,1.9147424511545292,2.353012048192771,0.6211775445002282,-0.31383302864107254,0.26859369925300425,14.694231404817081,284.61577625662676,0.8428711282430407,235.4148241630223,8.1175
161,74.80850784221512,33.80095411132944,1613714375473,,,,,,,,,,,,,,,,
162,74.93579911797487,33.801133774386265,1613714375473,1660.0,1306.0,1477.0,2358.0,1896.0,1010.0,1.3810316139767056,1.7241379310344827,0.6068200493015612,-0.16002795248078266,0.1570827489481066,8.072467051349113,673.8535969103864,0.012671104581124193,179.90596468097672,6.9125
163,74.93597878103168,33.800684616744206,1613714375473,2496.0,1482.0,1868.0,2666.0,1944.0,1032.0,1.8272327964860908,2.33206106870229,0.6406035665294925,-0.292594510616261,0.28293963254593174,12.838787645773277,208.76127740628553,0.7694876229467812,234.96850602230538,8.1425
164,74.93463130810551,33.80032529063056,1613714375473,,,,,,,,,,,,,,,,
165,74.80850784221512,32.65344616739517,1613886596262,,,,,,,,,,,,,,,,
166,74.93579911797487,33.800684616744206,1613714375473,2172.0,1482.0,1484.0,2336.0,1944.0,1032.0,1.6479514415781487,1.8304924242424243,0.584251968503937,-0.24469914040114613,0.1891725622885266,13.5733201225453,287.7743647133137,0.2583568746285386,194.25570669533212,7.387500000000001
167,74.93579911797487,33.801133774386265,1613714375473,1660.0,1306.0,1477.0,2358.0,1896.0,1010.0,1.3810316139767056,1.7241379310344827,0.6068200493015612,-0.16002795248078266,0.1570827489481066,8.072467051349113,673.8535969103864,0.012671104581124193,179.90596468097672,6.9125
168,74.93543979186121,33.80041512215897,1613714375473,1898.0,1444.0,1684.0,2603.0,2046.0,1006.0,1.4992101105845181,1.93812375249501,0.6269545793000745,-0.1997471554993679,0.21072319201995013,9.282721893019856,252.63052425061755,0.2812446144175419,186.7739248916778,8.1125
169,74.93463130810551,33.80041512215897,1613714375473,2474.0,1350.0,1703.0,3358.0,2801.0,1077.0,1.463905325443787,1.908957415565345,0.5556280587275694,-0.1882804995196926,0.21212121212121213,15.772720672254794,206.42956799598713,0.20699222528602246,202.7655838654026,8.375
170,74.93526012880439,32.60493714205271,1613886596262,,,,,,,,,,,,,,,,
171,74.93579911797487,33.800684616744206,1613714375473,2172.0,1482.0,1484.0,2336.0,1944.0,1032.0,1.6479514415781487,1.8304924242424243,0.584251968503937,-0.24469914040114613,0.1891725622885266,13.5733201225453,287.7743647133137,0.2583568746285386,194.25570669533212,7.387500000000001
172,74.74248166883234,33.800864279801026,1613714375473,,,,,,,,,,,,,,,,
173,74.93561945491804,33.80059478521579,1613714375473,1382.0,1150.0,1484.0,2336.0,1944.0,1032.0,1.1574539363484087,1.840952380952381,0.585635359116022,-0.07298136645962733,0.23632874960025585,4.744656773070725,582.5377811577561,0.22145517704259432,206.87485052624254,8.1525
174,74.93543979186121,33.80095411132944,1613714375473,2576.0,2066.0,1640.0,2600.0,1937.0,1030.0,1.0362027353177796,0.7661510464058234,0.4273058884835852,-0.017779533781114184,-0.192326139088729,17.494085727136667,401.88669205860117,0.6311381074741459,202.19615033056314,7.8100000000000005
175,74.93526012880439,33.800684616744206,1613714375473,,,,,,,,,,,,,,,,
176,74.93543979186121,33.80059478521579,1613714375473,2026.0,1690.0,1549.0,2432.0,1937.0,1030.0,1.3470744680851063,1.4835164835164836,0.5487070492383989,-0.14787535410764874,0.11373011196228638,15.549619706063117,729.3697257182903,0.040113513729578165,190.76835413034948,7.97
177,74.93561945491804,33.800864279801026,1613714375473,,,,,,,,,,,,,,,,
178,74.93561945491804,33.80077444827262,1613714375473,,,,,,,,,,,,,,,,
179,74.93588894950328,33.80095411132944,1613714375473,,,,,,,,,,,,,,,,
180,74.93543979186121,33.80041512215897,1613714375473,1898.0,1444.0,1684.0,2603.0,2046.0,1006.0,1.4992101105845181,1.93812375249501,0.6269545793000745,-0.1997471554993679,0.21072319201995013,9.282721893019856,252.63052425061755,0.2812446144175419,186.7739248916778,8.1125
181,74.93526012880439,33.801133774386265,1613714375473,2110.0,1614.0,1584.0,2917.0,1927.0,1046.0,1.4880112834978843,1.8042279411764706,0.592814371257485,-0.1961451247165533,0.16119491274770778,9.564190636039026,647.5828332899179,0.02614911409241627,192.46982392239693,7.6
182,74.93570928644645,33.801133774386265,1613714375473,1508.0,1142.0,1477.0,2358.0,1896.0,1010.0,1.3488372093023255,1.7497348886532345,0.6103305785123967,-0.1485148514851485,0.19219653179190752,7.632996910597049,255.3262302717059,0.04676563651363119,185.21140072826273,6.9125
183,74.9353499603328,33.80104394285785,1613714375473,2200.0,1662.0,1855.0,2923.0,1937.0,1030.0,1.6224188790560472,2.1202651515151514,0.6372380625214703,-0.2373453318335208,0.24561891515994436,9.605347211427462,228.6921328860781,0.5888232063800186,199.25019173969875,7.955
184,74.93597878103168,33.800864279801026,1613714375473,1674.0,1362.0,1655.0,2488.0,1944.0,1032.0,1.173913043478261,1.712248322147651,0.5813136635054443,-0.08,0.17738678973175656,3.7268524582414564,870.319020260805,0.133262026765673,214.9209814702985,8.0775
185,74.93552962338963,32.65344616739517,1613886596262,,,,,,,,,,,,,,,,
186,74.80850784221512,33.800684616744206,1613714375473,,,,,,,,,,,,,,,,
187,74.93588894950328,33.80059478521579,1613714375473,2282.0,1480.0,1868.0,2666.0,1944.0,1032.0,1.785602503912363,2.4612286002014097,0.6529185599440755,-0.28202247191011237,0.31327243417517464,15.381438766303518,192.43015384586587,0.8206328662910921,202.1517073273275,8.1425
188,74.93561945491804,32.6108660229279,1613886596262,,,,,,,,,,,,,,,,
189,74.93588894950328,33.80095411132944,1613714375473,,,,,,,,,,,,,,,,
190,74.93588894950328,33.80077444827262,1613714375473,2294.0,1354.0,1655.0,2488.0,1944.0,1032.0,1.865040650406504,2.1575052854122623,0.6362937331795463,-0.30192962542565266,0.24793641088352186,11.619396163566387,198.58941308960766,0.7169104371678677,233.83156796369727,7.955
191,74.93570928644645,33.80050495368738,1613714375473,1698.0,1328.0,1739.0,2568.0,2043.0,1044.0,1.2671641791044777,1.7356521739130435,0.6019383869851159,-0.11784068466096116,0.19664268585131894,5.775604690795497,358.3501248322238,0.034796632765415336,180.7479274959395,6.9125
192,74.93579911797487,33.80095411132944,1613714375473,1212.0,973.0,1080.0,2144.0,1944.0,1032.0,1.1038251366120218,1.3444553483807655,0.5145307289185327,-0.04935064935064935,0.11021069692058347,17.845056543692944,570.9402239194139,0.4704552943151295,300.4354914202158,7.8
193,74.93552962338963,33.80104394285785,1613714375473,1432.0,1238.0,1640.0,2600.0,1937.0,1030.0,1.2854578096947935,1.8404371584699453,0.6418786692759295,-0.1249018067556952,0.20371694067190851,8.118652081730959,313.1464541750507,0.2326548968179567,181.181772950485,8.399999999999999
194,74.93570928644645,33.80104394285785,1613714375473,1164.0,888.0,1080.0,2144.0,1944.0,1032.0,1.230443974630021,1.6727716727716728,0.5687203791469194,-0.1033175355450237,0.18307426597582038,7.675810803437924,425.73132459671695,0.1362798657678882,240.0524168614352,7.115
195,74.93543979186121,33.800684616744206,1613714375473,1796.0,1418.0,1549.0,2432.0,1937.0,1030.0,1.3922480620155038,1.8529411764705883,0.602958349552355,-0.16396629941672067,0.18867924528301888,8.503713203667854,288.10596595983293,0.07819569025265183,186.80641025207234,7.15
196,74.93588894950328,33.80095411132944,1613714375473,,,,,,,,,,,,,,,,
197,74.9353499603328,33.801133774386265,1613714375473,2242.0,1662.0,1584.0,2917.0,1927.0,1046.0,1.5811001410437235,1.7402482269503545,0.584070796460177,-0.22513661202185792,0.16119491274770778,11.225265636989077,594.2307548396608,0.03943279347788986,174.84033523268673,7.6
198,74.9353499603328,33.801133774386265,1613714375473,2242.0,1662.0,1584.0,2917.0,1927.0,1046.0,1.5811001410437235,1.7402482269503545,0.584070796460177,-0.22513661202185792,0.16119491274770778,11.225265636989077,594.2307548396608,0.03943279347788986,174.84033523268673,7.6
199,74.93526012880439,33.80041512215897,1613714375473,1862.0,1292.0,1513.0,2655.0,2046.0,1006.0,1.6835443037974684,2.2105855855855854,0.6301541024573094,-0.25471698113207547,0.27924405343760184,11.650461383723918,182.12197294194215,0.6736512714873416,202.68150136720703,8.055
200,74.93552962338963,32.68470753928252,1613886596262,,,,,,,,,,,,,,,,
201,74.9353499603328,32.658925890628296,1613886596262,,,,,,,,,,,,,,,,
202,74.93597878103168,33.800864279801026,1613714375473,1674.0,1362.0,1655.0,2488.0,1944.0,1032.0,1.173913043478261,1.712248322147651,0.5813136635054443,-0.08,0.17738678973175656,3.7268524582414564,870.319020260805,0.133262026765673,214.9209814702985,8.0775
203,74.80850784221512,33.80095411132944,1613714375473,,,,,,,,,,,,,,,,
204,74.93588894950328,33.80095411132944,1613714375473,,,,,,,,,,,,,,,,
205,74.93552962338963,33.80104394285785,1613714375473,1432.0,1238.0,1640.0,2600.0,1937.0,1030.0,1.2854578096947935,1.8404371584699453,0.6418786692759295,-0.1249018067556952,0.20371694067190851,8.118652081730959,313.1464541750507,0.2326548968179567,181.181772950485,8.399999999999999
206,74.93579911797487,33.80059478521579,1613714375473,1824.0,1412.0,1484.0,2336.0,1944.0,1032.0,1.302857142857143,1.6663793103448277,0.5612708018154312,-0.1315136476426799,0.15991599159915992,9.160152556966736,743.7913195575775,0.08603936189583028,191.69469523653234,6.9125
207,74.93597878103168,33.80095411132944,1613714375473,,,,,,,,,,,,,,,,
208,74.93606861256009,32.894643821181255,1613886596262,,,,,,,,,,,,,,,,
209,74.93543979186121,33.80077444827262,1613714375473,1554.0,1122.0,1551.0,2405.0,1937.0,1030.0,1.377659574468085,1.6926454445664105,0.6299756295694557,-0.15883668903803133,0.1550561797752809,8.387041973411806,700.8224634194443,0.07523322612932748,180.28241543855248,7.15
210,74.93588894950328,33.80095411132944,1613714375473,,,,,,,,,,,,,,,,
211,74.9353499603328,33.800684616744206,1613714375473,2044.0,1776.0,1797.0,2677.0,1937.0,1030.0,1.2679900744416874,1.6653786707882534,0.5813652539631188,-0.11816192560175055,0.14414653570480487,6.551325252061442,833.2840050492916,0.01648188211421031,182.25294144019077,8.09
212,74.93543979186121,33.80095411132944,1613714375473,2576.0,2066.0,1640.0,2600.0,1937.0,1030.0,1.0362027353177796,0.7661510464058234,0.4273058884835852,-0.017779533781114184,-0.192326139088729,17.494085727136667,401.88669205860117,0.6311381074741459,202.19615033056314,7.8100000000000005
213,74.93597878103168,33.80041512215897,1613714375473,2280.0,1920.0,1946.0,2662.0,2043.0,1044.0,1.3380281690140845,1.5925394548063128,0.5826347305389221,-0.14457831325301204,0.13149847094801223,9.892236320549472,479.0200869256564,-0.08519438119900247,190.24322638649352,7.7250000000000005
214,74.9353499603328,33.80050495368738,1613714375473,2114.0,1522.0,1513.0,2655.0,2046.0,1006.0,1.3944591029023747,1.5830645161290322,0.5495822738830367,-0.16473829201101928,0.12848519689565968,15.800112518436531,784.8287202608933,0.03549393001521939,189.7131472927426,6.9125
215,74.93561945491804,33.80077444827262,1613714375473,,,,,,,,,,,,,,,,
216,74.93570928644645,33.80104394285785,1613714375473,1164.0,888.0,1080.0,2144.0,1944.0,1032.0,1.230443974630021,1.6727716727716728,0.5687203791469194,-0.1033175355450237,0.18307426597582038,7.675810803437924,425.73132459671695,0.1362798657678882,240.0524168614352,7.115
217,74.93526012880439,33.80050495368738,1613714375473,2010.0,1346.0,1513.0,2655.0,2046.0,1006.0,1.6368078175895766,1.9188660801564028,0.5966088328075709,-0.24150710315009266,0.23033531808210592,11.207029530172031,208.32885183853574,0.3104514348781643,179.69891125116374,7.937500000000001
218,74.77176674709463,33.80050495368738,1613714375473,2276.0,1898.0,2368.0,1549.0,2443.0,1630.0,1.258849557522124,1.578395061728395,0.5937813440320963,-0.11459353574926542,0.1715922107674685,11.407195750404636,464.2897894481706,-0.0881184177042662,252.92594284723052,8.05
219,74.93579911797487,33.80077444827262,1613714375473,2134.0,1460.0,1240.0,2269.0,1944.0,1032.0,1.6191198786039454,1.661596958174905,0.5410122164048866,-0.23638470451911936,0.14024787997390736,22.16153591156128,696.046732524284,0.3171296638219362,210.7178404901488,8.625
220,74.93579911797487,33.801133774386265,1613714375473,1660.0,1306.0,1477.0,2358.0,1896.0,1010.0,1.3810316139767056,1.7241379310344827,0.6068200493015612,-0.16002795248078266,0.1570827489481066,8.072467051349113,673.8535969103864,0.012671104581124193,179.90596468097672,6.9125
221,74.93588894950328,33.80041512215897,1613714375473,,,,,,,,,,,,,,,,
222,74.93579911797487,33.80050495368738,1613714375473,,,,,,,,,,,,,,,,
223,74.9353499603328,33.80041512215897,1613714375473,1780.0,1232.0,1513.0,2655.0,2046.0,1006.0,1.5724381625441697,2.169060773480663,0.6257237386269644,-0.22252747252747251,0.2684975767366721,11.651544070500861,191.90763752350227,0.5480523495233426,201.66584999472823,8.1125
224,74.93526012880439,33.801133774386265,1613714375473,2110.0,1614.0,1584.0,2917.0,1927.0,1046.0,1.4880112834978843,1.8042279411764706,0.592814371257485,-0.1961451247165533,0.16119491274770778,9.564190636039026,647.5828332899179,0.02614911409241627,192.46982392239693,7.6
225,74.93588894950328,33.80077444827262,1613714375473,2294.0,1354.0,1655.0,2488.0,1944.0,1032.0,1.865040650406504,2.1575052854122623,0.6362937331795463,-0.30192962542565266,0.24793641088352186,11.619396163566387,198.58941308960766,0.7169104371678677,233.83156796369727,7.955
226,74.93597878103168,33.80059478521579,1613714375473,2376.0,1548.0,1868.0,2666.0,1944.0,1032.0,1.7393850658857979,2.3056603773584907,0.6379781420765027,-0.2699091394975949,0.28293963254593174,11.685902080475453,191.1660920861306,0.7604150488783376,189.96709143766162,8.055
227,74.93526012880439,33.80059478521579,1613714375473,2076.0,1454.0,1797.0,2677.0,1937.0,1030.0,1.4723404255319148,1.969835466179159,0.6215842269111034,-0.19104991394148021,0.20897615708274894,8.821761803419456,230.91686374040327,0.2719047921999057,192.8248449534062,8.1125
228,74.93561945491804,33.80095411132944,1613714375473,948.0,692.0,1080.0,2144.0,1944.0,1032.0,1.1791044776119404,1.9322990126939352,0.6036892118501956,-0.0821917808219178,0.26034958601655933,9.211863953574978,438.15340767086747,0.2517887486813676,224.98350832398813,8.1525
229,74.93597878103168,33.80077444827262,1613714375473,2188.0,1508.0,1655.0,2488.0,1944.0,1032.0,1.511049723756906,1.7414675767918089,0.5854262469048461,-0.20352035203520352,0.1699627400401261,11.529352377561928,510.9030664183465,0.025122792275852235,194.54621404744776,7.825
230,74.93552962338963,33.800684616744206,1613714375473,1376.0,1054.0,1549.0,2432.0,1937.0,1030.0,1.2176991150442478,1.9344933469805528,0.6132224861441014,-0.09816440542697526,0.25165562913907286,7.486810044290616,595.776518126635,0.23882267604250884,197.8672904772515,8.1525
231,74.93570928644645,33.80095411132944,1613714375473,948.0,692.0,1080.0,2144.0,1944.0,1032.0,1.1791044776119404,1.9322990126939352,0.6036892118501956,-0.0821917808219178,0.26034958601655933,9.211863953574978,438.15340767086747,0.2517887486813676,224.98350832398813,8.1525
232,74.93597878103168,33.80059478521579,1613714375473,2376.0,1548.0,1868.0,2666.0,1944.0,1032.0,1.7393850658857979,2.3056603773584907,0.6379781420765027,-0.2699091394975949,0.28293963254593174,11.685902080475453,191.1660920861306,0.7604150488783376,189.96709143766162,8.055
233,74.93552962338963,33.80059478521579,1613714375473,1826.0,1376.0,1549.0,2432.0,1937.0,1030.0,1.3251088534107403,1.6814946619217082,0.5794986906098017,-0.13982521847690388,0.15667074663402691,7.717379595588435,768.1610696567835,-0.0014170515935937322,191.97260432744145,6.9125
234,74.93552962338963,33.800864279801026,1613714375473,1102.0,874.0,1551.0,2405.0,1937.0,1030.0,1.0921704658077305,1.5766871165644172,0.6132858837485172,-0.04405495026054003,0.20893767150137202,5.98043879613134,603.518332282762,0.17619974598013866,215.59288717847926,8.0775
235,74.80841801068671,33.80059478521579,1613714375473,,,,,,,,,,,,,,,,
236,74.93588894950328,33.80032529063056,1613714375473,2158.0,1780.0,1793.0,2515.0,2043.0,1044.0,1.3142509135200975,1.5895061728395061,0.5804467465199094,-0.13578947368421052,0.1129119394921664,9.508007952335667,562.8865243959403,-0.06859414464177449,185.121747742946,7.7250000000000005
237,74.93561945491804,33.800684616744206,1613714375473,,,,,,,,,,,,,,,,
238,74.93570928644645,33.80050495368738,1613714375473,1698.0,1328.0,1739.0,2568.0,2043.0,1044.0,1.2671641791044777,1.7356521739130435,0.6019383869851159,-0.11784068466096116,0.19664268585131894,5.775604690795497,358.3501248322238,0.034796632765415336,180.7479274959395,6.9125
239,74.93526012880439,33.800684616744206,1613714375473,,,,,,,,,,,,,,,,
240,74.93579911797487,33.80041512215897,1613714375473,,,,,,,,,,,,,,,,
241,74.80850784221512,33.80059478521579,1613714375473,,,,,,,,,,,,,,,,
242,74.93561945491804,33.80032529063056,1613714375473,,,,,,,,,,,,,,,,
243,74.93588894950328,33.80032529063056,1613714375473,2158.0,1780.0,1793.0,2515.0,2043.0,1044.0,1.3142509135200975,1.5895061728395061,0.5804467465199094,-0.13578947368421052,0.1129119394921664,9.508007952335667,562.8865243959403,-0.06859414464177449,185.121747742946,7.7250000000000005
244,74.80850784221512,33.800684616744206,1613714375473,,,,,,,,,,,,,,,,
245,74.93597878103168,33.80104394285785,1613714375473,,,,,,,,,,,,,,,,
246,74.93570928644645,33.80050495368738,1613714375473,1698.0,1328.0,1739.0,2568.0,2043.0,1044.0,1.2671641791044777,1.7356521739130435,0.6019383869851159,-0.11784068466096116,0.19664268585131894,5.775604690795497,358.3501248322238,0.034796632765415336,180.7479274959395,6.9125
247,74.93543979186121,33.80041512215897,1613714375473,1898.0,1444.0,1684.0,2603.0,2046.0,1006.0,1.4992101105845181,1.93812375249501,0.6269545793000745,-0.1997471554993679,0.21072319201995013,9.282721893019856,252.63052425061755,0.2812446144175419,186.7739248916778,8.1125
248,74.93570928644645,33.80041512215897,1613714375473,2034.0,1632.0,1739.0,2568.0,2043.0,1044.0,1.3346456692913387,1.584126984126984,0.5798599533177726,-0.1433389544688027,0.1340909090909091,9.348896829877912,739.4145847381911,-0.08926499197390325,186.34277221847046,7.7250000000000005
249,74.93543979186121,33.80041512215897,1613714375473,1898.0,1444.0,1684.0,2603.0,2046.0,1006.0,1.4992101105845181,1.93812375249501,0.6269545793000745,-0.1997471554993679,0.21072319201995013,9.282721893019856,252.63052425061755,0.2812446144175419,186.7739248916778,8.1125
250,74.93579911797487,33.80032529063056,1613714375473,,,,,,,,,,,,,,,,
251,74.93570928644645,32.86994015086797,1613886596262,,,,,,,,,,,,,,,,
252,74.93570928644645,33.800864279801026,1613714375473,,,,,,,,,,,,,,,,
253,74.93588894950328,33.80041512215897,1613714375473,,,,,,,,,,,,,,,,
254,74.93588894950328,33.80095411132944,1613714375473,,,,,,,,,,,,,,,,
255,74.93570928644645,33.80095411132944,1613714375473,948.0,692.0,1080.0,2144.0,1944.0,1032.0,1.1791044776119404,1.9322990126939352,0.6036892118501956,-0.0821917808219178,0.26034958601655933,9.211863953574978,438.15340767086747,0.2517887486813676,224.98350832398813,8.1525
256,74.93561945491804,33.80104394285785,1613714375473,1164.0,888.0,1080.0,2144.0,1944.0,1032.0,1.230443974630021,1.6727716727716728,0.5687203791469194,-0.1033175355450237,0.18307426597582038,7.675810803437924,425.73132459671695,0.1362798657678882,240.0524168614352,7.115
257,74.93526012880439,33.80077444827262,1613714375473,,,,,,,,,,,,,,,,
258,74.93561945491804,33.80104394285785,1613714375473,1164.0,888.0,1080.0,2144.0,1944.0,1032.0,1.230443974630021,1.6727716727716728,0.5687203791469194,-0.1033175355450237,0.18307426597582038,7.675810803437924,425.73132459671695,0.1362798657678882,240.0524168614352,7.115
259,74.93606861256009,33.801133774386265,1613714375473,,,,,,,,,,,,,,,,
260,74.93552962338963,33.80059478521579,1613714375473,1826.0,1376.0,1549.0,2432.0,1937.0,1030.0,1.3251088534107403,1.6814946619217082,0.5794986906098017,-0.13982521847690388,0.15667074663402691,7.717379595588435,768.1610696567835,-0.0014170515935937322,191.97260432744145,6.9125
261,74.9353499603328,33.80104394285785,1613714375473,2200.0,1662.0,1855.0,2923.0,1937.0,1030.0,1.6224188790560472,2.1202651515151514,0.6372380625214703,-0.2373453318335208,0.24561891515994436,9.605347211427462,228.6921328860781,0.5888232063800186,199.25019173969875,7.955
262,74.93570928644645,33.80050495368738,1613714375473,1698.0,1328.0,1739.0,2568.0,2043.0,1044.0,1.2671641791044777,1.7356521739130435,0.6019383869851159,-0.11784068466096116,0.19664268585131894,5.775604690795497,358.3501248322238,0.034796632765415336,180.7479274959395,6.9125
263,74.93606861256009,33.80104394285785,1613714375473,,,,,,,,,,,,,,,,
264,74.93606861256009,33.800684616744206,1613714375473,,,,,,,,,,,,,,,,
265,74.9353499603328,33.801133774386265,1613714375473,2242.0,1662.0,1584.0,2917.0,1927.0,1046.0,1.5811001410437235,1.7402482269503545,0.584070796460177,-0.22513661202185792,0.16119491274770778,11.225265636989077,594.2307548396608,0.03943279347788986,174.84033523268673,7.6
266,74.93543979186121,33.800864279801026,1613714375473,2306.0,1876.0,1551.0,2405.0,1937.0,1030.0,1.2073298429319372,1.0447154471544715,0.512388503468781,-0.09392789373814042,-0.10660486674391657,24.19388522116661,638.1365790004502,0.5297657312776181,248.73003480343903,7.8100000000000005
267,74.93463130810551,33.80041512215897,1613714375473,2474.0,1350.0,1703.0,3358.0,2801.0,1077.0,1.463905325443787,1.908957415565345,0.5556280587275694,-0.1882804995196926,0.21212121212121213,15.772720672254794,206.42956799598713,0.20699222528602246,202.7655838654026,8.375
268,74.93526012880439,33.80050495368738,1613714375473,2010.0,1346.0,1513.0,2655.0,2046.0,1006.0,1.6368078175895766,1.9188660801564028,0.5966088328075709,-0.24150710315009266,0.23033531808210592,11.207029530172031,208.32885183853574,0.3104514348781643,179.69891125116374,7.937500000000001
269,74.93588894950328,33.80095411132944,1613714375473,,,,,,,,,,,,,,,,
270,74.93588894950328,33.80077444827262,1613714375473,2294.0,1354.0,1655.0,2488.0,1944.0,1032.0,1.865040650406504,2.1575052854122623,0.6362937331795463,-0.30192962542565266,0.24793641088352186,11.619396163566387,198.58941308960766,0.7169104371678677,233.83156796369727,7.955
271,74.93606861256009,33.80050495368738,1613714375473,2214.0,1934.0,1844.0,2511.0,2043.0,1044.0,1.3085106382978724,1.4873595505617978,0.5642594859241126,-0.1336405529953917,0.11181102362204724,12.957994042917923,482.6417422556384,-0.06209354084178198,190.92112568441783,7.825000000000001
272,74.93606861256009,33.80104394285785,1613714375473,,,,,,,,,,,,,,,,
273,74.93552962338963,33.80104394285785,1613714375473,1432.0,1238.0,1640.0,2600.0,1937.0,1030.0,1.2854578096947935,1.8404371584699453,0.6418786692759295,-0.1249018067556952,0.20371694067190851,8.118652081730959,313.1464541750507,0.2326548968179567,181.181772950485,8.399999999999999
274,74.93526012880439,33.80077444827262,1613714375473,,,,,,,,,,,,,,,,
275,74.93561945491804,33.800684616744206,1613714375473,,,,,,,,,,,,,,,,
276,74.93552962338963,33.800864279801026,1613714375473,1102.0,874.0,1551.0,2405.0,1937.0,1030.0,1.0921704658077305,1.5766871165644172,0.6132858837485172,-0.04405495026054003,0.20893767150137202,5.98043879613134,603.518332282762,0.17619974598013866,215.59288717847926,8.0775
277,74.93552962338963,33.80059478521579,1613714375473,1826.0,1376.0,1549.0,2432.0,1937.0,1030.0,1.3251088534107403,1.6814946619217082,0.5794986906098017,-0.13982521847690388,0.15667074663402691,7.717379595588435,768.1610696567835,-0.0014170515935937322,191.97260432744145,6.9125
278,74.93526012880439,33.80059478521579,1613714375473,2076.0,1454.0,1797.0,2677.0,1937.0,1030.0,1.4723404255319148,1.969835466179159,0.6215842269111034,-0.19104991394148021,0.20897615708274894,8.821761803419456,230.91686374040327,0.2719047921999057,192.8248449534062,8.1125
279,74.93570928644645,33.800864279801026,1613714375473,,,,,,,,,,,,,,,,
280,74.93570928644645,33.800864279801026,1613714375473,,,,,,,,,,,,,,,,
281,74.93543979186121,33.80050495368738,1613714375473,2122.0,1712.0,1684.0,2603.0,2046.0,1006.0,1.3708010335917313,1.5291338582677165,0.5700744752877455,-0.1564032697547684,0.11289398280802292,12.639113151147257,628.5120487744857,-0.08850150626676356,185.18049016718842,7.7250000000000005
282,74.80850784221512,33.80095411132944,1613714375473,,,,,,,,,,,,,,,,
283,74.93561945491804,33.80077444827262,1613714375473,,,,,,,,,,,,,,,,
284,74.93543979186121,33.80077444827262,1613714375473,1554.0,1122.0,1551.0,2405.0,1937.0,1030.0,1.377659574468085,1.6926454445664105,0.6299756295694557,-0.15883668903803133,0.1550561797752809,8.387041973411806,700.8224634194443,0.07523322612932748,180.28241543855248,7.15
285,74.93552962338963,32.65344616739517,1613886596262,,,,,,,,,,,,,,,,
286,74.93543979186121,33.80095411132944,1613714375473,2576.0,2066.0,1640.0,2600.0,1937.0,1030.0,1.0362027353177796,0.7661510464058234,0.4273058884835852,-0.017779533781114184,-0.192326139088729,17.494085727136667,401.88669205860117,0.6311381074741459,202.19615033056314,7.8100000000000005
287,74.93526012880439,33.80095411132944,1613714375473,2068.0,1544.0,1855.0,2923.0,1937.0,1030.0,1.540983606557377,2.205911330049261,0.6463414634146342,-0.2129032258064516,0.2504886903099693,11.116307559807225,254.00429021217792,0.6382321311499884,202.30606875774242,8.1125
288,74.93579911797487,33.801133774386265,1613714375473,1660.0,1306.0,1477.0,2358.0,1896.0,1010.0,1.3810316139767056,1.7241379310344827,0.6068200493015612,-0.16002795248078266,0.1570827489481066,8.072467051349113,673.8535969103864,0.012671104581124193,179.90596468097672,6.9125
289,74.93526012880439,33.80050495368738,1613714375473,2010.0,1346.0,1513.0,2655.0,2046.0,1006.0,1.6368078175895766,1.9188660801564028,0.5966088328075709,-0.24150710315009266,0.23033531808210592,11.207029530172031,208.32885183853574,0.3104514348781643,179.69891125116374,7.937500000000001
290,74.93597878103168,33.800684616744206,1613714375473,2496.0,1482.0,1868.0,2666.0,1944.0,1032.0,1.8272327964860908,2.33206106870229,0.6406035665294925,-0.292594510616261,0.28293963254593174,12.838787645773277,208.76127740628553,0.7694876229467812,234.96850602230538,8.1425
291,74.93597878103168,33.80050495368738,1613714375473,,,,,,,,,,,,,,,,
292,74.93526012880439,33.80095411132944,1613714375473,2068.0,1544.0,1855.0,2923.0,1937.0,1030.0,1.540983606557377,2.205911330049261,0.6463414634146342,-0.2129032258064516,0.2504886903099693,11.116307559807225,254.00429021217792,0.6382321311499884,202.30606875774242,8.1125
293,74.93561945491804,33.800864279801026,1613714375473,,,,,,,,,,,,,,,,
294,74.93561945491804,33.80095411132944,1613714375473,948.0,692.0,1080.0,2144.0,1944.0,1032.0,1.1791044776119404,1.9322990126939352,0.6036892118501956,-0.0821917808219178,0.26034958601655933,9.211863953574978,438.15340767086747,0.2517887486813676,224.98350832398813,8.1525
295,74.93543979186121,33.80077444827262,1613714375473,1554.0,1122.0,1551.0,2405.0,1937.0,1030.0,1.377659574468085,1.6926454445664105,0.6299756295694557,-0.15883668903803133,0.1550561797752809,8.387041973411806,700.8224634194443,0.07523322612932748,180.28241543855248,7.15
296,74.93570928644645,33.801133774386265,1613714375473,1508.0,1142.0,1477.0,2358.0,1896.0,1010.0,1.3488372093023255,1.7497348886532345,0.6103305785123967,-0.1485148514851485,0.19219653179190752,7.632996910597049,255.3262302717059,0.04676563651363119,185.21140072826273,6.9125
297,74.93526012880439,33.80104394285785,1613714375473,2428.0,1830.0,1855.0,2923.0,1937.0,1030.0,1.6814404432132963,2.0503663003663,0.6294536817102138,-0.25413223140495866,0.21585663860982895,8.178800513299205,207.8546388745003,0.5058224207721677,205.75735396387228,7.955
298,74.93543979186121,33.80032529063056,1613714375473,1542.0,1030.0,1586.0,3167.0,2046.0,1006.0,1.578300921187308,2.3376777251184833,0.6526748971193416,-0.2242953552997221,0.3376271186440678,14.25500786068313,206.11730674687757,0.7714899858347904,200.92713448503943,8.525
299,74.93552962338963,33.800684616744206,1613714375473,1376.0,1054.0,1549.0,2432.0,1937.0,1030.0,1.2176991150442478,1.9344933469805528,0.6132224861441014,-0.09816440542697526,0.25165562913907286,7.486810044290616,595.776518126635,0.23882267604250884,197.8672904772515,8.1525
300,74.93543979186121,33.80041512215897,1613714375473,1898.0,1444.0,1684.0,2603.0,2046.0,1006.0,1.4992101105845181,1.93812375249501,0.6269545793000745,-0.1997471554993679,0.21072319201995013,9.282721893019856,252.63052425061755,0.2812446144175419,186.7739248916778,8.1125
301,74.93588894950328,33.80059478521579,1613714375473,2282.0,1480.0,1868.0,2666.0,1944.0,1032.0,1.785602503912363,2.4612286002014097,0.6529185599440755,-0.28202247191011237,0.31327243417517464,15.381438766303518,192.43015384586587,0.8206328662910921,202.1517073273275,8.1425
302,74.93597878103168,32.65344616739517,1613886596262,,,,,,,,,,,,,,,,
303,74.9353499603328,33.800864279801026,1613714375473,,,,,,,,,,,,,,,,
304,74.93597878103168,33.80050495368738,1613714375473,,,,,,,,,,,,,,,,
305,74.93597878103168,33.80104394285785,1613714375473,,,,,,,,,,,,,,,,
306,74.80805868457307,33.800864279801026,1613714375473,,,,,,,,,,,,,,,,
307,74.9353499603328,33.800864279801026,1613714375473,,,,,,,,,,,,,,,,
308,74.93588894950328,33.80059478521579,1613714375473,2282.0,1480.0,1868.0,2666.0,1944.0,1032.0,1.785602503912363,2.4612286002014097,0.6529185599440755,-0.28202247191011237,0.31327243417517464,15.381438766303518,192.43015384586587,0.8206328662910921,202.1517073273275,8.1425
309,74.80850784221512,33.80032529063056,1613714375473,,,,,,,,,,,,,,,,
310,74.93579911797487,33.801133774386265,1613714375473,1660.0,1306.0,1477.0,2358.0,1896.0,1010.0,1.3810316139767056,1.7241379310344827,0.6068200493015612,-0.16002795248078266,0.1570827489481066,8.072467051349113,673.8535969103864,0.012671104581124193,179.90596468097672,6.9125
311,74.93597878103168,33.80032529063056,1613714375473,2020.0,1494.0,1793.0,2515.0,2043.0,1044.0,1.5052160953800298,1.8727272727272728,0.6197718631178707,-0.2016656751933373,0.21105232216343328,9.004990802825038,231.31369879076973,0.21754373406408478,185.34264436224555,8.1125
312,74.93570928644645,33.80032529063056,1613714375473,,,,,,,,,,,,,,,,
313,74.9353499603328,33.800684616744206,1613714375473,2044.0,1776.0,1797.0,2677.0,1937.0,1030.0,1.2679900744416874,1.6653786707882534,0.5813652539631188,-0.11816192560175055,0.14414653570480487,6.551325252061442,833.2840050492916,0.01648188211421031,182.25294144019077,8.09
314,74.93579911797487,33.80041512215897,1613714375473,,,,,,,,,,,,,,,,
315,74.93552962338963,33.80095411132944,1613714375473,,,,,,,,,,,,,,,,
316,74.93561945491804,33.80041512215897,1613714375473,2034.0,1632.0,1739.0,2568.0,2043.0,1044.0,1.3346456692913387,1.584126984126984,0.5798599533177726,-0.1433389544688027,0.1340909090909091,9.348896829877912,739.4145847381911,-0.08926499197390325,186.34277221847046,7.7250000000000005
317,74.93570928644645,33.800684616744206,1613714375473,,,,,,,,,,,,,,,,
318,74.9353499603328,33.80059478521579,1613714375473,2048.0,1620.0,1797.0,2677.0,1937.0,1030.0,1.2595325953259533,1.6010401188707282,0.5717467387846007,-0.11486118671747414,0.1399100766992859,7.326563313625909,789.3069751957395,0.02254475743708162,185.89147910252842,8.09
319,74.93543979186121,33.80032529063056,1613714375473,1542.0,1030.0,1586.0,3167.0,2046.0,1006.0,1.578300921187308,2.3376777251184833,0.6526748971193416,-0.2242953552997221,0.3376271186440678,14.25500786068313,206.11730674687757,0.7714899858347904,200.92713448503943,8.525
320,74.93526012880439,33.800684616744206,1613714375473,,,,,,,,,,,,,,,,
321,74.93606861256009,33.80104394285785,1613714375473,,,,,,,,,,,,,,,,
322,74.9353499603328,32.60251169078559,1613886596262,,,,,,,,,,,,,,,,
323,74.93588894950328,33.800864279801026,1613714375473,2014.0,1594.0,1655.0,2488.0,1944.0,1032.0,1.394736842105263,1.667483660130719,0.5748523792983675,-0.16483516483516483,0.17130559540889526,10.285733599515924,544.7583649804621,-0.032698905468682815,178.64974705974026,6.9125
324,74.9353499603328,33.80050495368738,1613714375473,2114.0,1522.0,1513.0,2655.0,2046.0,1006.0,1.3944591029023747,1.5830645161290322,0.5495822738830367,-0.16473829201101928,0.12848519689565968,15.800112518436531,784.8287202608933,0.03549393001521939,189.7131472927426,6.9125
325,74.93543979186121,33.800864279801026,1613714375473,2306.0,1876.0,1551.0,2405.0,1937.0,1030.0,1.2073298429319372,1.0447154471544715,0.512388503468781,-0.09392789373814042,-0.10660486674391657,24.19388522116661,638.1365790004502,0.5297657312776181,248.73003480343903,7.8100000000000005
326,74.9353499603328,33.80032529063056,1613714375473,1108.0,777.0,1155.0,3107.0,2046.0,1006.0,1.450261780104712,2.6687211093990757,0.6402439024390244,-0.18376068376068377,0.38782051282051283,16.54024326193393,191.38494121016538,0.7900456668000654,231.08020086580086,8.475
327,74.93606861256009,33.80077444827262,1613714375473,,,,,,,,,,,,,,,,
328,74.93588894950328,33.800684616744206,1613714375473,,,,,,,,,,,,,,,,
329,74.93570928644645,33.80032529063056,1613714375473,,,,,,,,,,,,,,,,
330,74.93543979186121,32.65344616739517,1613886596262,,,,,,,,,,,,,,,,
331,74.93570928644645,33.80077444827262,1613714375473,,,,,,,,,,,,,,,,
332,74.93597878103168,33.80050495368738,1613714375473,,,,,,,,,,,,,,,,
333,74.93552962338963,33.80041512215897,1613714375473,2036.0,1764.0,1684.0,2603.0,2046.0,1006.0,1.2935196950444727,1.5243328100470959,0.5693035835023664,-0.12797783933518006,0.10466439135381114,11.014684787339409,728.9536826071413,-0.03187147758105602,184.26679016718845,8.092500000000001
334,74.80554340177753,33.80095411132944,1613714375473,,,,,,,,,,,,,,,,
335,74.93570928644645,33.800864279801026,1613714375473,,,,,,,,,,,,,,,,
336,74.93543979186121,33.80095411132944,1613714375473,2576.0,2066.0,1640.0,2600.0,1937.0,1030.0,1.0362027353177796,0.7661510464058234,0.4273058884835852,-0.017779533781114184,-0.192326139088729,17.494085727136667,401.88669205860117,0.6311381074741459,202.19615033056314,7.8100000000000005
337,74.93561945491804,33.80050495368738,1613714375473,1698.0,1328.0,1739.0,2568.0,2043.0,1044.0,1.2671641791044777,1.7356521739130435,0.6019383869851159,-0.11784068466096116,0.19664268585131894,5.775604690795497,358.3501248322238,0.034796632765415336,180.7479274959395,6.9125
338,74.93561945491804,33.80041512215897,1613714375473,2034.0,1632.0,1739.0,2568.0,2043.0,1044.0,1.3346456692913387,1.584126984126984,0.5798599533177726,-0.1433389544688027,0.1340909090909091,9.348896829877912,739.4145847381911,-0.08926499197390325,186.34277221847046,7.7250000000000005
339,74.93526012880439,33.80104394285785,1613714375473,2428.0,1830.0,1855.0,2923.0,1937.0,1030.0,1.6814404432132963,2.0503663003663,0.6294536817102138,-0.25413223140495866,0.21585663860982895,8.178800513299205,207.8546388745003,0.5058224207721677,205.75735396387228,7.955
340,74.93552962338963,33.801133774386265,1613714375473,1458.0,1028.0,1499.0,2738.0,1927.0,1046.0,1.3859315589353611,2.075055187637969,0.6232848232848233,-0.16175298804780877,0.28240109140518416,11.219558514441673,212.79557658304668,0.3751154446110353,198.43067965474071,8.4
341,74.93597878103168,33.801133774386265,1613714375473,,,,,,,,,,,,,,,,
342,74.93552962338963,33.80095411132944,1613714375473,,,,,,,,,,,,,,,,
343,74.93552962338963,33.80059478521579,1613714375473,1826.0,1376.0,1549.0,2432.0,1937.0,1030.0,1.3251088534107403,1.6814946619217082,0.5794986906098017,-0.13982521847690388,0.15667074663402691,7.717379595588435,768.1610696567835,-0.0014170515935937322,191.97260432744145,6.9125
344,74.93606861256009,33.80095411132944,1613714375473,,,,,,,,,,,,,,,,
345,74.93543979186121,33.80095411132944,1613714375473,2576.0,2066.0,1640.0,2600.0,1937.0,1030.0,1.0362027353177796,0.7661510464058234,0.4273058884835852,-0.017779533781114184,-0.192326139088729,17.494085727136667,401.88669205860117,0.6311381074741459,202.19615033056314,7.8100000000000005
346,74.9353499603328,33.80059478521579,1613714375473,2048.0,1620.0,1797.0,2677.0,1937.0,1030.0,1.2595325953259533,1.6010401188707282,0.5717467387846007,-0.11486118671747414,0.1399100766992859,7.326563313625909,789.3069751957395,0.02254475743708162,185.89147910252842,8.09
347,74.93552962338963,33.800864279801026,1613714375473,1102.0,874.0,1551.0,2405.0,1937.0,1030.0,1.0921704658077305,1.5766871165644172,0.6132858837485172,-0.04405495026054003,0.20893767150137202,5.98043879613134,603.518332282762,0.17619974598013866,215.59288717847926,8.0775
348,74.93579911797487,33.801133774386265,1613714375473,1660.0,1306.0,1477.0,2358.0,1896.0,1010.0,1.3810316139767056,1.7241379310344827,0.6068200493015612,-0.16002795248078266,0.1570827489481066,8.072467051349113,673.8535969103864,0.012671104581124193,179.90596468097672,6.9125
349,74.93561945491804,33.80041512215897,1613714375473,2034.0,1632.0,1739.0,2568.0,2043.0,1044.0,1.3346456692913387,1.584126984126984,0.5798599533177726,-0.1433389544688027,0.1340909090909091,9.348896829877912,739.4145847381911,-0.08926499197390325,186.34277221847046,7.7250000000000005
350,74.93526012880439,33.800684616744206,1613714375473,,,,,,,,,,,,,,,,
351,74.93552962338963,33.80104394285785,1613714375473,1432.0,1238.0,1640.0,2600.0,1937.0,1030.0,1.2854578096947935,1.8404371584699453,0.6418786692759295,-0.1249018067556952,0.20371694067190851,8.118652081730959,313.1464541750507,0.2326548968179567,181.181772950485,8.399999999999999
352,74.93526012880439,33.801133774386265,1613714375473,2110.0,1614.0,1584.0,2917.0,1927.0,1046.0,1.4880112834978843,1.8042279411764706,0.592814371257485,-0.1961451247165533,0.16119491274770778,9.564190636039026,647.5828332899179,0.02614911409241627,192.46982392239693,7.6
353,74.93579911797487,33.80059478521579,1613714375473,1824.0,1412.0,1484.0,2336.0,1944.0,1032.0,1.302857142857143,1.6663793103448277,0.5612708018154312,-0.1315136476426799,0.15991599159915992,9.160152556966736,743.7913195575775,0.08603936189583028,191.69469523653234,6.9125
354,74.93588894950328,33.80077444827262,1613714375473,2294.0,1354.0,1655.0,2488.0,1944.0,1032.0,1.865040650406504,2.1575052854122623,0.6362937331795463,-0.30192962542565266,0.24793641088352186,11.619396163566387,198.58941308960766,0.7169104371678677,233.83156796369727,7.955
355,74.93588894950328,33.801133774386265,1613714375473,1440.0,1196.0,1649.0,2229.0,1896.0,1010.0,1.254355400696864,2.0153846153846153,0.6443923407581086,-0.11282843894899536,0.2300469483568075,9.811377733790653,349.4181366572364,0.363279798841243,193.0778489368475,8.399999999999999
356,74.93526012880439,32.65344616739517,1613886596262,,,,,,,,,,,,,,,,
357,74.93570928644645,33.80095411132944,1613714375473,948.0,692.0,1080.0,2144.0,1944.0,1032.0,1.1791044776119404,1.9322990126939352,0.6036892118501956,-0.0821917808219178,0.26034958601655933,9.211863953574978,438.15340767086747,0.2517887486813676,224.98350832398813,8.1525
358,74.93570928644645,33.800684616744206,1613714375473,,,,,,,,,,,,,,,,
359,74.93579911797487,33.800864279801026,1613714375473,1986.0,1534.0,1240.0,2269.0,1944.0,1032.0,1.2617534942820838,1.334351145038168,0.48627450980392156,-0.11573033707865168,0.052378085490668275,28.203860711552522,589.3802494334976,0.5800399088388553,214.4408560646198,8.115
360,74.93597878103168,33.80041512215897,1613714375473,2280.0,1920.0,1946.0,2662.0,2043.0,1044.0,1.3380281690140845,1.5925394548063128,0.5826347305389221,-0.14457831325301204,0.13149847094801223,9.892236320549472,479.0200869256564,-0.08519438119900247,190.24322638649352,7.7250000000000005
361,74.9353499603328,33.800684616744206,1613714375473,2044.0,1776.0,1797.0,2677.0,1937.0,1030.0,1.2679900744416874,1.6653786707882534,0.5813652539631188,-0.11816192560175055,0.14414653570480487,6.551325252061442,833.2840050492916,0.01648188211421031,182.25294144019077,8.09
362,74.93570928644645,33.80095411132944,1613714375473,948.0,692.0,1080.0,2144.0,1944.0,1032.0,1.1791044776119404,1.9322990126939352,0.6036892118501956,-0.0821917808219178,0.26034958601655933,9.211863953574978,438.15340767086747,0.2517887486813676,224.98350832398813,8.1525
363,74.93561945491804,33.80041512215897,1613714375473,2034.0,1632.0,1739.0,2568.0,2043.0,1044.0,1.3346456692913387,1.584126984126984,0.5798599533177726,-0.1433389544688027,0.1340909090909091,9.348896829877912,739.4145847381911,-0.08926499197390325,186.34277221847046,7.7250000000000005
364,74.93570928644645,33.801133774386265,1613714375473,1508.0,1142.0,1477.0,2358.0,1896.0,1010.0,1.3488372093023255,1.7497348886532345,0.6103305785123967,-0.1485148514851485,0.19219653179190752,7.632996910597049,255.3262302717059,0.04676563651363119,185.21140072826273,6.9125
365,74.93552962338963,33.80032529063056,1613714375473,2074.0,1578.0,1586.0,3167.0,2046.0,1006.0,1.4244505494505495,1.680579216354344,0.5746376811594203,-0.17507082152974504,0.15077282006415865,11.482044970864774,713.2401203733663,-0.030548738406799614,174.20931813937906,7.4375
366,74.93543979186121,33.80041512215897,1613714375473,1898.0,1444.0,1684.0,2603.0,2046.0,1006.0,1.4992101105845181,1.93812375249501,0.6269545793000745,-0.1997471554993679,0.21072319201995013,9.282721893019856,252.63052425061755,0.2812446144175419,186.7739248916778,8.1125
367,74.93597878103168,33.800864279801026,1613714375473,1674.0,1362.0,1655.0,2488.0,1944.0,1032.0,1.173913043478261,1.712248322147651,0.5813136635054443,-0.08,0.17738678973175656,3.7268524582414564,870.319020260805,0.133262026765673,214.9209814702985,8.0775
368,74.93579911797487,33.80095411132944,1613714375473,1212.0,973.0,1080.0,2144.0,1944.0,1032.0,1.1038251366120218,1.3444553483807655,0.5145307289185327,-0.04935064935064935,0.11021069692058347,17.845056543692944,570.9402239194139,0.4704552943151295,300.4354914202158,7.8
369,74.93526012880439,32.65344616739517,1613886596262,,,,,,,,,,,,,,,,
370,74.93526012880439,33.801133774386265,1613714375473,2110.0,1614.0,1584.0,2917.0,1927.0,1046.0,1.4880112834978843,1.8042279411764706,0.592814371257485,-0.1961451247165533,0.16119491274770778,9.564190636039026,647.5828332899179,0.02614911409241627,192.46982392239693,7.6
371,74.93552962338963,32.65344616739517,1613886596262,,,,,,,,,,,,,,,,
372,74.93597878103168,33.80104394285785,1613714375473,,,,,,,,,,,,,,,,
373,74.9353499603328,32.655781787133876,1613886596262,,,,,,,,,,,,,,,,
374,74.93579911797487,33.80041512215897,1613714375473,,,,,,,,,,,,,,,,
375,74.73152222236608,33.80095411132944,1613714375473,,,,,,,,,,,,,,,,
376,74.93597878103168,33.80059478521579,1613714375473,2376.0,1548.0,1868.0,2666.0,1944.0,1032.0,1.7393850658857979,2.3056603773584907,0.6379781420765027,-0.2699091394975949,0.28293963254593174,11.685902080475453,191.1660920861306,0.7604150488783376,189.96709143766162,8.055
377,74.93526012880439,32.65344616739517,1613886596262,,,,,,,,,,,,,,,,
378,74.93588894950328,33.801133774386265,1613714375473,1440.0,1196.0,1649.0,2229.0,1896.0,1010.0,1.254355400696864,2.0153846153846153,0.6443923407581086,-0.11282843894899536,0.2300469483568075,9.811377733790653,349.4181366572364,0.363279798841243,193.0778489368475,8.399999999999999
379,74.80850784221512,33.80050495368738,1613714375473,,,,,,,,,,,,,,,,
380,74.9353499603328,33.80095411132944,1613714375473,2078.0,1656.0,1855.0,2923.0,1937.0,1030.0,1.5079825834542815,1.8203252032520325,0.6012965964343598,-0.2025462962962963,0.23804257672103954,9.033393609020829,251.03963934269433,0.173245210557052,195.07526066326477,8.0375
381,74.93526012880439,33.800864279801026,1613714375473,2016.0,1602.0,1827.0,2661.0,1937.0,1030.0,1.3386454183266931,1.7654109589041096,0.6100166944908181,-0.14480408858603067,0.15582959641255606,6.478576006501591,708.8093726267722,0.03651200941649824,169.1253550765544,7.8875
382,74.93570928644645,33.801133774386265,1613714375473,1508.0,1142.0,1477.0,2358.0,1896.0,1010.0,1.3488372093023255,1.7497348886532345,0.6103305785123967,-0.1485148514851485,0.19219653179190752,7.632996910597049,255.3262302717059,0.04676563651363119,185.21140072826273,6.9125
383,74.93597878103168,33.80050495368738,1613714375473,,,,,,,,,,,,,,,,
384,74.93561945491804,33.801133774386265,1613714375473,1508.0,1142.0,1477.0,2358.0,1896.0,1010.0,1.3488372093023255,1.7497348886532345,0.6103305785123967,-0.1485148514851485,0.19219653179190752,7.632996910597049,255.3262302717059,0.04676563651363119,185.21140072826273,6.9125
385,74.9353499603328,33.80104394285785,1613714375473,2200.0,1662.0,1855.0,2923.0,1937.0,1030.0,1.6224188790560472,2.1202651515151514,0.6372380625214703,-0.2373453318335208,0.24561891515994436,9.605347211427462,228.6921328860781,0.5888232063800186,199.25019173969875,7.955
386,74.93561945491804,33.80077444827262,1613714375473,,,,,,,,,,,,,,,,
387,74.93570928644645,33.80095411132944,1613714375473,948.0,692.0,1080.0,2144.0,1944.0,1032.0,1.1791044776119404,1.9322990126939352,0.6036892118501956,-0.0821917808219178,0.26034958601655933,9.211863953574978,438.15340767086747,0.2517887486813676,224.98350832398813,8.1525
388,74.93597878103168,33.80104394285785,1613714375473,,,,,,,,,,,,,,,,
389,74.93543979186121,33.800684616744206,1613714375473,1796.0,1418.0,1549.0,2432.0,1937.0,1030.0,1.3922480620155038,1.8529411764705883,0.602958349552355,-0.16396629941672067,0.18867924528301888,8.503713203667854,288.10596595983293,0.07819569025265183,186.80641025207234,7.15
390,74.93597878103168,33.80032529063056,1613714375473,2020.0,1494.0,1793.0,2515.0,2043.0,1044.0,1.5052160953800298,1.8727272727272728,0.6197718631178707,-0.2016656751933373,0.21105232216343328,9.004990802825038,231.31369879076973,0.21754373406408478,185.34264436224555,8.1125
391,74.93597878103168,32.8994947237155,1613886596262,1552.0,910.0,1250.0,1902.0,1813.0,337.0,1.7360178970917226,2.631415241057543,0.6603275224511358,-0.26901062959934585,0.308584686774942,17.729339981422726,210.64306921566288,0.8134162293967478,227.85194906742345,8.4
392,74.93543979186121,32.65344616739517,1613886596262,,,,,,,,,,,,,,,,
393,74.93526012880439,33.80032529063056,1613714375473,1384.0,989.0,1155.0,3107.0,2046.0,1006.0,1.5835240274599542,2.4089012517385258,0.6163287086446104,-0.22586359610274578,0.32924021488871835,14.772253295313089,176.10905313896706,0.683731808655201,211.466391573784,8.475
394,74.93543979186121,33.801133774386265,1613714375473,1992.0,1494.0,1499.0,2738.0,1927.0,1046.0,1.5206106870229008,1.8042226487523991,0.5899252262888627,-0.20654149000605693,0.1786833855799373,10.769858673162538,315.4374576569809,0.053858098429513945,197.28439245952953,7.6
395,74.93561945491804,33.80077444827262,1613714375473,,,,,,,,,,,,,,,,
396,74.93561945491804,33.801133774386265,1613714375473,1508.0,1142.0,1477.0,2358.0,1896.0,1010.0,1.3488372093023255,1.7497348886532345,0.6103305785123967,-0.1485148514851485,0.19219653179190752,7.632996910597049,255.3262302717059,0.04676563651363119,185.21140072826273,6.9125
397,74.93543979186121,32.65344616739517,1613886596262,,,,,,,,,,,,,,,,
398,74.93606861256009,32.60493714205271,1613886596262,,,,,,,,,,,,,,,,
399,74.93579911797487,33.80077444827262,1613714375473,2134.0,1460.0,1240.0,2269.0,1944.0,1032.0,1.6191198786039454,1.661596958174905,0.5410122164048866,-0.23638470451911936,0.14024787997390736,22.16153591156128,696.046732524284,0.3171296638219362,210.7178404901488,8.625
400,74.93561945491804,33.80104394285785,1613886581619,1164.0,888.0,1080.0,2144.0,1944.0,1032.0,1.230443974630021,1.6727716727716728,0.5687203791469194,-0.1033175355450237,0.18307426597582038,7.675810803437924,425.73132459671695,0.1362798657678882,240.0524168614352,7.115
401,74.93588894950328,33.80032529063056,1613886581619,2158.0,1780.0,1793.0,2515.0,2043.0,1044.0,1.3142509135200975,1.5895061728395061,0.5804467465199094,-0.13578947368421052,0.1129119394921664,9.508007952335667,562.8865243959403,-0.06859414464177449,185.121747742946,7.7250000000000005
402,74.9353499603328,33.80032529063056,1613886581619,1108.0,777.0,1155.0,3107.0,2046.0,1006.0,1.450261780104712,2.6687211093990757,0.6402439024390244,-0.18376068376068377,0.38782051282051283,16.54024326193393,191.38494121016538,0.7900456668000654,231.08020086580086,8.475
403,74.9353499603328,32.894643821181255,1613886596262,2314.0,1410.0,1672.0,2809.0,2353.0,489.0,1.9029605263157894,2.9648058252427183,0.6698717948717948,-0.3110481586402266,0.3353375239136376,21.296141137518685,195.1383446669137,0.7583766863892476,220.03242970195907,8.0925
404,74.9353499603328,33.80077444827262,1613886581619,1980.0,1642.0,1827.0,2661.0,1937.0,1030.0,1.2975098296199215,1.6287519747235386,0.5906886517943744,-0.12949229891614375,0.14938684503901895,6.357135442506783,739.014098193021,-0.03594664685023996,178.47081243586175,7.7250000000000005
405,74.93543979186121,33.80104394285785,1613886581619,1748.0,1420.0,1640.0,2600.0,1937.0,1030.0,1.5387323943661972,1.7487019730010385,0.6300422589320015,-0.21220527045769763,0.19432624113475178,9.102901960666026,247.3005788900674,0.18818768334015068,190.34594206265206,8.1125
406,74.93570928644645,33.800864279801026,1613886581619,,,,,,,,,,,,,,,,
407,74.80850784221512,33.80032529063056,1613886581619,,,,,,,,,,,,,,,,
408,74.93606861256009,33.80032529063056,1613886581619,1892.0,1326.0,1386.0,2153.0,2043.0,1044.0,1.4921135646687698,1.8397177419354838,0.5828427249789739,-0.19746835443037974,0.1800840607824119,14.10310875301341,253.14955012792777,0.13832668767940304,223.84176713560092,8.625
409,74.93463130810551,33.801133774386265,1613886581619,1694.0,1356.0,1474.0,2326.0,1982.0,1027.0,1.372771474878444,1.7900497512437812,0.5945945945945946,-0.15710382513661203,0.1862842070557204,8.903307818675042,312.080462555936,0.03405804214906105,185.76855830402033,6.9125
410,74.93463130810551,33.801133774386265,1613886581619,1694.0,1356.0,1474.0,2326.0,1982.0,1027.0,1.372771474878444,1.7900497512437812,0.5945945945945946,-0.15710382513661203,0.1862842070557204,8.903307818675042,312.080462555936,0.03405804214906105,185.76855830402033,6.9125
411,74.93588894950328,32.68470753928252,1613886596262,,,,,,,,,,,,,,,,
412,74.93561945491804,33.80095411132944,1613886581619,948.0,692.0,1080.0,2144.0,1944.0,1032.0,1.1791044776119404,1.9322990126939352,0.6036892118501956,-0.0821917808219178,0.26034958601655933,9.211863953574978,438.15340767086747,0.2517887486813676,224.98350832398813,8.1525
413,74.93606861256009,33.80032529063056,1613886581619,1892.0,1326.0,1386.0,2153.0,2043.0,1044.0,1.4921135646687698,1.8397177419354838,0.5828427249789739,-0.19746835443037974,0.1800840607824119,14.10310875301341,253.14955012792777,0.13832668767940304,223.84176713560092,8.625
414,74.80850784221512,33.80077444827262,1613886581619,,,,,,,,,,,,,,,,
415,74.93526012880439,33.80059478521579,1613886581619,2076.0,1454.0,1797.0,2677.0,1937.0,1030.0,1.4723404255319148,1.969835466179159,0.6215842269111034,-0.19104991394148021,0.20897615708274894,8.821761803419456,230.91686374040327,0.2719047921999057,192.8248449534062,8.1125
416,74.93552962338963,33.800684616744206,1613886581619,1376.0,1054.0,1549.0,2432.0,1937.0,1030.0,1.2176991150442478,1.9344933469805528,0.6132224861441014,-0.09816440542697526,0.25165562913907286,7.486810044290616,595.776518126635,0.23882267604250884,197.8672904772515,8.1525
417,74.93463130810551,33.80032529063056,1613886581619,,,,,,,,,,,,,,,,
418,74.93597878103168,33.80104394285785,1613886581619,,,,,,,,,,,,,,,,
419,74.93561945491804,33.80095411132944,1613886581619,948.0,692.0,1080.0,2144.0,1944.0,1032.0,1.1791044776119404,1.9322990126939352,0.6036892118501956,-0.0821917808219178,0.26034958601655933,9.211863953574978,438.15340767086747,0.2517887486813676,224.98350832398813,8.1525
420,74.93543979186121,33.80050495368738,1613886581619,2122.0,1712.0,1684.0,2603.0,2046.0,1006.0,1.3708010335917313,1.5291338582677165,0.5700744752877455,-0.1564032697547684,0.11289398280802292,12.639113151147257,628.5120487744857,-0.08850150626676356,185.18049016718842,7.7250000000000005
421,74.93561945491804,33.80104394285785,1613886581619,1164.0,888.0,1080.0,2144.0,1944.0,1032.0,1.230443974630021,1.6727716727716728,0.5687203791469194,-0.1033175355450237,0.18307426597582038,7.675810803437924,425.73132459671695,0.1362798657678882,240.0524168614352,7.115
422,74.93606861256009,33.80104394285785,1613886581619,,,,,,,,,,,,,,,,
423,74.93570928644645,33.80059478521579,1613886581619,1382.0,1150.0,1484.0,2336.0,1944.0,1032.0,1.1574539363484087,1.840952380952381,0.585635359116022,-0.07298136645962733,0.23632874960025585,4.744656773070725,582.5377811577561,0.22145517704259432,206.87485052624254,8.1525
424,74.93606861256009,33.80059478521579,1613886581619,,,,,,,,,,,,,,,,
425,74.80850784221512,33.800684616744206,1613886581619,,,,,,,,,,,,,,,,
426,74.93570928644645,33.800864279801026,1613886581619,,,,,,,,,,,,,,,,
427,74.93561945491804,33.800684616744206,1613886581619,,,,,,,,,,,,,,,,
428,74.93561945491804,33.80032529063056,1613886581619,,,,,,,,,,,,,,,,
429,74.8594423188247,33.800684616744206,1613886581619,,,,,,,,,,,,,,,,
430,74.93552962338963,32.86994015086797,1613886596262,2006.0,1144.0,1231.0,2409.0,2184.0,413.0,2.3271461716937356,3.234608985024958,0.6719432314410481,-0.398884239888424,0.3856022808267997,22.097904834304735,153.57927695716052,0.6659621052504769,253.09230772005776,8.1
431,74.93579911797487,33.800684616744206,1613886581619,2172.0,1482.0,1484.0,2336.0,1944.0,1032.0,1.6479514415781487,1.8304924242424243,0.584251968503937,-0.24469914040114613,0.1891725622885266,13.5733201225453,287.7743647133137,0.2583568746285386,194.25570669533212,7.387500000000001
432,74.93552962338963,32.8994947237155,1613886596262,,,,,,,,,,,,,,,,
433,74.93570928644645,33.80059478521579,1613886581619,1382.0,1150.0,1484.0,2336.0,1944.0,1032.0,1.1574539363484087,1.840952380952381,0.585635359116022,-0.07298136645962733,0.23632874960025585,4.744656773070725,582.5377811577561,0.22145517704259432,206.87485052624254,8.1525
434,74.93543979186121,33.801133774386265,1613886581619,1992.0,1494.0,1499.0,2738.0,1927.0,1046.0,1.5206106870229008,1.8042226487523991,0.5899252262888627,-0.20654149000605693,0.1786833855799373,10.769858673162538,315.4374576569809,0.053858098429513945,197.28439245952953,7.6
435,74.80554340177753,33.80095411132944,1613886581619,,,,,,,,,,,,,,,,
436,74.93552962338963,33.80041512215897,1613886581619,2036.0,1764.0,1684.0,2603.0,2046.0,1006.0,1.2935196950444727,1.5243328100470959,0.5693035835023664,-0.12797783933518006,0.10466439135381114,11.014684787339409,728.9536826071413,-0.03187147758105602,184.26679016718845,8.092500000000001
437,74.93561945491804,33.80032529063056,1613886581619,,,,,,,,,,,,,,,,
438,74.9353499603328,33.801133774386265,1613886581619,2242.0,1662.0,1584.0,2917.0,1927.0,1046.0,1.5811001410437235,1.7402482269503545,0.584070796460177,-0.22513661202185792,0.16119491274770778,11.225265636989077,594.2307548396608,0.03943279347788986,174.84033523268673,7.6
439,74.93526012880439,33.800684616744206,1613886581619,,,,,,,,,,,,,,,,
440,74.93552962338963,33.800684616744206,1613886581619,1376.0,1054.0,1549.0,2432.0,1937.0,1030.0,1.2176991150442478,1.9344933469805528,0.6132224861441014,-0.09816440542697526,0.25165562913907286,7.486810044290616,595.776518126635,0.23882267604250884,197.8672904772515,8.1525
441,74.93597878103168,33.80095411132944,1613886581619,,,,,,,,,,,,,,,,
442,74.93552962338963,33.80041512215897,1613886581619,2036.0,1764.0,1684.0,2603.0,2046.0,1006.0,1.2935196950444727,1.5243328100470959,0.5693035835023664,-0.12797783933518006,0.10466439135381114,11.014684787339409,728.9536826071413,-0.03187147758105602,184.26679016718845,8.092500000000001
443,74.93561945491804,33.80041512215897,1613886581619,2034.0,1632.0,1739.0,2568.0,2043.0,1044.0,1.3346456692913387,1.584126984126984,0.5798599533177726,-0.1433389544688027,0.1340909090909091,9.348896829877912,739.4145847381911,-0.08926499197390325,186.34277221847046,7.7250000000000005
444,74.93526012880439,33.80050495368738,1613886581619,2010.0,1346.0,1513.0,2655.0,2046.0,1006.0,1.6368078175895766,1.9188660801564028,0.5966088328075709,-0.24150710315009266,0.23033531808210592,11.207029530172031,208.32885183853574,0.3104514348781643,179.69891125116374,7.937500000000001
445,74.93552962338963,33.800864279801026,1613886581619,1102.0,874.0,1551.0,2405.0,1937.0,1030.0,1.0921704658077305,1.5766871165644172,0.6132858837485172,-0.04405495026054003,0.20893767150137202,5.98043879613134,603.518332282762,0.17619974598013866,215.59288717847926,8.0775
446,74.93570928644645,33.80050495368738,1613886581619,1698.0,1328.0,1739.0,2568.0,2043.0,1044.0,1.2671641791044777,1.7356521739130435,0.6019383869851159,-0.11784068466096116,0.19664268585131894,5.775604690795497,358.3501248322238,0.034796632765415336,180.7479274959395,6.9125
447,74.93543979186121,33.80041512215897,1613886581619,1898.0,1444.0,1684.0,2603.0,2046.0,1006.0,1.4992101105845181,1.93812375249501,0.6269545793000745,-0.1997471554993679,0.21072319201995013,9.282721893019856,252.63052425061755,0.2812446144175419,186.7739248916778,8.1125
448,74.93561945491804,33.80041512215897,1613886581619,2034.0,1632.0,1739.0,2568.0,2043.0,1044.0,1.3346456692913387,1.584126984126984,0.5798599533177726,-0.1433389544688027,0.1340909090909091,9.348896829877912,739.4145847381911,-0.08926499197390325,186.34277221847046,7.7250000000000005
449,74.80850784221512,33.80050495368738,1613886581619,,,,,,,,,,,,,,,,
450,74.93588894950328,32.655781787133876,1613886596262,,,,,,,,,,,,,,,,
451,74.93579911797487,33.80104394285785,1613886581619,999.0,796.0,1080.0,2144.0,1944.0,1032.0,1.210909090909091,1.8975069252077563,0.5993340732519423,-0.09539473684210527,0.24829157175398633,8.802611058902425,415.04684517086747,0.20608774885766035,220.1091749906548,7.115
452,74.93526012880439,33.800684616744206,1613886581619,,,,,,,,,,,,,,,,
453,74.93570928644645,33.80077444827262,1613886581619,,,,,,,,,,,,,,,,
454,74.93588894950328,33.801133774386265,1613886581619,1440.0,1196.0,1649.0,2229.0,1896.0,1010.0,1.254355400696864,2.0153846153846153,0.6443923407581086,-0.11282843894899536,0.2300469483568075,9.811377733790653,349.4181366572364,0.363279798841243,193.0778489368475,8.399999999999999
455,74.93570928644645,33.80104394285785,1613886581619,1164.0,888.0,1080.0,2144.0,1944.0,1032.0,1.230443974630021,1.6727716727716728,0.5687203791469194,-0.1033175355450237,0.18307426597582038,7.675810803437924,425.73132459671695,0.1362798657678882,240.0524168614352,7.115
456,74.93570928644645,33.80041512215897,1613886581619,2034.0,1632.0,1739.0,2568.0,2043.0,1044.0,1.3346456692913387,1.584126984126984,0.5798599533177726,-0.1433389544688027,0.1340909090909091,9.348896829877912,739.4145847381911,-0.08926499197390325,186.34277221847046,7.7250000000000005
457,74.93552962338963,33.800864279801026,1613886581619,1102.0,874.0,1551.0,2405.0,1937.0,1030.0,1.0921704658077305,1.5766871165644172,0.6132858837485172,-0.04405495026054003,0.20893767150137202,5.98043879613134,603.518332282762,0.17619974598013866,215.59288717847926,8.0775
458,74.93606861256009,33.80077444827262,1613886581619,,,,,,,,,,,,,,,,
459,74.9353499603328,33.80050495368738,1613886581619,2114.0,1522.0,1513.0,2655.0,2046.0,1006.0,1.3944591029023747,1.5830645161290322,0.5495822738830367,-0.16473829201101928,0.12848519689565968,15.800112518436531,784.8287202608933,0.03549393001521939,189.7131472927426,6.9125
460,74.93561945491804,33.800684616744206,1613886581619,,,,,,,,,,,,,,,,
461,74.93597878103168,33.800684616744206,1613886581619,2496.0,1482.0,1868.0,2666.0,1944.0,1032.0,1.8272327964860908,2.33206106870229,0.6406035665294925,-0.292594510616261,0.28293963254593174,12.838787645773277,208.76127740628553,0.7694876229467812,234.96850602230538,8.1425
462,74.93543979186121,33.80050495368738,1613886581619,2122.0,1712.0,1684.0,2603.0,2046.0,1006.0,1.3708010335917313,1.5291338582677165,0.5700744752877455,-0.1564032697547684,0.11289398280802292,12.639113151147257,628.5120487744857,-0.08850150626676356,185.18049016718842,7.7250000000000005
463,74.84336247523896,32.68470753928252,1613886596262,,,,,,,,,,,,,,,,
464,74.93552962338963,33.80077444827262,1613886581619,1188.0,960.0,1551.0,2405.0,1937.0,1030.0,1.097966728280961,1.6491978609625668,0.6238938053097345,-0.04669603524229075,0.17530487804878048,6.736778447640651,716.0328166250355,0.2105854740819525,231.08679893061594,8.0775
465,74.93579911797487,33.80059478521579,1613886581619,1824.0,1412.0,1484.0,2336.0,1944.0,1032.0,1.302857142857143,1.6663793103448277,0.5612708018154312,-0.1315136476426799,0.15991599159915992,9.160152556966736,743.7913195575775,0.08603936189583028,191.69469523653234,6.9125
466,74.80850784221512,33.80041512215897,1613886581619,,,,,,,,,,,,,,,,
467,74.93552962338963,33.80050495368738,1613886581619,2062.0,1704.0,1684.0,2603.0,2046.0,1006.0,1.311704834605598,1.5054263565891473,0.5662407531943511,-0.13483764446890478,0.10529311326124074,12.033989481015631,576.9063967776661,-0.04253286060178374,182.91195683385507,7.825000000000001
468,74.93543979186121,33.800864279801026,1613886581619,2306.0,1876.0,1551.0,2405.0,1937.0,1030.0,1.2073298429319372,1.0447154471544715,0.512388503468781,-0.09392789373814042,-0.10660486674391657,24.19388522116661,638.1365790004502,0.5297657312776181,248.73003480343903,7.8100000000000005
469,74.93579911797487,33.80032529063056,1613886581619,,,,,,,,,,,,,,,,
470,74.93579911797487,33.80077444827262,1613886581619,2134.0,1460.0,1240.0,2269.0,1944.0,1032.0,1.6191198786039454,1.661596958174905,0.5410122164048866,-0.23638470451911936,0.14024787997390736,22.16153591156128,696.046732524284,0.3171296638219362,210.7178404901488,8.625
471,74.9353499603328,33.80077444827262,1613886581619,1980.0,1642.0,1827.0,2661.0,1937.0,1030.0,1.2975098296199215,1.6287519747235386,0.5906886517943744,-0.12949229891614375,0.14938684503901895,6.357135442506783,739.014098193021,-0.03594664685023996,178.47081243586175,7.7250000000000005
472,74.9939201168574,33.80104394285785,1613886581619,,,,,,,,,,,,,,,,
473,74.93579911797487,33.80059478521579,1613886581619,1824.0,1412.0,1484.0,2336.0,1944.0,1032.0,1.302857142857143,1.6663793103448277,0.5612708018154312,-0.1315136476426799,0.15991599159915992,9.160152556966736,743.7913195575775,0.08603936189583028,191.69469523653234,6.9125
474,74.9353499603328,33.80041512215897,1613886581619,1780.0,1232.0,1513.0,2655.0,2046.0,1006.0,1.5724381625441697,2.169060773480663,0.6257237386269644,-0.22252747252747251,0.2684975767366721,11.651544070500861,191.90763752350227,0.5480523495233426,201.66584999472823,8.1125
475,74.93543979186121,33.80077444827262,1613886581619,1554.0,1122.0,1551.0,2405.0,1937.0,1030.0,1.377659574468085,1.6926454445664105,0.6299756295694557,-0.15883668903803133,0.1550561797752809,8.387041973411806,700.8224634194443,0.07523322612932748,180.28241543855248,7.15
476,74.74248166883234,33.80095411132944,1613886581619,1786.0,1066.0,1339.0,2112.0,1788.0,832.0,1.88,2.332493702770781,0.627754336615096,-0.3055555555555556,0.3219129193433262,15.996137513273506,158.84686315003816,0.8486434213855395,244.52682551944366,8.025
477,74.9353499603328,33.80077444827262,1613886581619,1980.0,1642.0,1827.0,2661.0,1937.0,1030.0,1.2975098296199215,1.6287519747235386,0.5906886517943744,-0.12949229891614375,0.14938684503901895,6.357135442506783,739.014098193021,-0.03594664685023996,178.47081243586175,7.7250000000000005
478,74.93526012880439,33.80032529063056,1613886581619,1384.0,989.0,1155.0,3107.0,2046.0,1006.0,1.5835240274599542,2.4089012517385258,0.6163287086446104,-0.22586359610274578,0.32924021488871835,14.772253295313089,176.10905313896706,0.683731808655201,211.466391573784,8.475
479,74.93579911797487,33.800864279801026,1613886581619,1986.0,1534.0,1240.0,2269.0,1944.0,1032.0,1.2617534942820838,1.334351145038168,0.48627450980392156,-0.11573033707865168,0.052378085490668275,28.203860711552522,589.3802494334976,0.5800399088388553,214.4408560646198,8.115
480,74.93526012880439,33.801133774386265,1613886581619,2110.0,1614.0,1584.0,2917.0,1927.0,1046.0,1.4880112834978843,1.8042279411764706,0.592814371257485,-0.1961451247165533,0.16119491274770778,9.564190636039026,647.5828332899179,0.02614911409241627,192.46982392239693,7.6
481,74.93597878103168,33.80059478521579,1613886581619,2376.0,1548.0,1868.0,2666.0,1944.0,1032.0,1.7393850658857979,2.3056603773584907,0.6379781420765027,-0.2699091394975949,0.28293963254593174,11.685902080475453,191.1660920861306,0.7604150488783376,189.96709143766162,8.055
482,74.93543979186121,33.800864279801026,1613886581619,2306.0,1876.0,1551.0,2405.0,1937.0,1030.0,1.2073298429319372,1.0447154471544715,0.512388503468781,-0.09392789373814042,-0.10660486674391657,24.19388522116661,638.1365790004502,0.5297657312776181,248.73003480343903,7.8100000000000005
483,74.93606861256009,33.800864279801026,1613886581619,,,,,,,,,,,,,,,,
484,74.93597878103168,33.80095411132944,1613886581619,,,,,,,,,,,,,,,,
485,74.93579911797487,33.80095411132944,1613886581619,1212.0,973.0,1080.0,2144.0,1944.0,1032.0,1.1038251366120218,1.3444553483807655,0.5145307289185327,-0.04935064935064935,0.11021069692058347,17.845056543692944,570.9402239194139,0.4704552943151295,300.4354914202158,7.8
486,74.93579911797487,33.800864279801026,1613886581619,1986.0,1534.0,1240.0,2269.0,1944.0,1032.0,1.2617534942820838,1.334351145038168,0.48627450980392156,-0.11573033707865168,0.052378085490668275,28.203860711552522,589.3802494334976,0.5800399088388553,214.4408560646198,8.115
487,74.93570928644645,33.801133774386265,1613886581619,1508.0,1142.0,1477.0,2358.0,1896.0,1010.0,1.3488372093023255,1.7497348886532345,0.6103305785123967,-0.1485148514851485,0.19219653179190752,7.632996910597049,255.3262302717059,0.04676563651363119,185.21140072826273,6.9125
488,74.93543979186121,33.80077444827262,1613886581619,1554.0,1122.0,1551.0,2405.0,1937.0,1030.0,1.377659574468085,1.6926454445664105,0.6299756295694557,-0.15883668903803133,0.1550561797752809,8.387041973411806,700.8224634194443,0.07523322612932748,180.28241543855248,7.15
489,74.93552962338963,33.80095411132944,1613886581619,,,,,,,,,,,,,,,,
490,74.93588894950328,33.80104394285785,1613886581619,,,,,,,,,,,,,,,,
491,74.93552962338963,33.801133774386265,1613886581619,1458.0,1028.0,1499.0,2738.0,1927.0,1046.0,1.3859315589353611,2.075055187637969,0.6232848232848233,-0.16175298804780877,0.28240109140518416,11.219558514441673,212.79557658304668,0.3751154446110353,198.43067965474071,8.4
492,74.93543979186121,33.80077444827262,1613886581619,1554.0,1122.0,1551.0,2405.0,1937.0,1030.0,1.377659574468085,1.6926454445664105,0.6299756295694557,-0.15883668903803133,0.1550561797752809,8.387041973411806,700.8224634194443,0.07523322612932748,180.28241543855248,7.15
493,74.93597878103168,33.80095411132944,1613886581619,,,,,,,,,,,,,,,,
494,74.93561945491804,33.80041512215897,1613886581619,2034.0,1632.0,1739.0,2568.0,2043.0,1044.0,1.3346456692913387,1.584126984126984,0.5798599533177726,-0.1433389544688027,0.1340909090909091,9.348896829877912,739.4145847381911,-0.08926499197390325,186.34277221847046,7.7250000000000005
495,74.93543979186121,33.80032529063056,1613886581619,1542.0,1030.0,1586.0,3167.0,2046.0,1006.0,1.578300921187308,2.3376777251184833,0.6526748971193416,-0.2242953552997221,0.3376271186440678,14.25500786068313,206.11730674687757,0.7714899858347904,200.92713448503943,8.525
496,74.93579911797487,33.80032529063056,1613886581619,,,,,,,,,,,,,,,,
497,74.93561945491804,33.80050495368738,1613886581619,1698.0,1328.0,1739.0,2568.0,2043.0,1044.0,1.2671641791044777,1.7356521739130435,0.6019383869851159,-0.11784068466096116,0.19664268585131894,5.775604690795497,358.3501248322238,0.034796632765415336,180.7479274959395,6.9125
498,74.93543979186121,33.80032529063056,1613886581619,1542.0,1030.0,1586.0,3167.0,2046.0,1006.0,1.578300921187308,2.3376777251184833,0.6526748971193416,-0.2242953552997221,0.3376271186440678,14.25500786068313,206.11730674687757,0.7714899858347904,200.92713448503943,8.525
499,74.93552962338963,33.80059478521579,1613886581619,1826.0,1376.0,1549.0,2432.0,1937.0,1030.0,1.3251088534107403,1.6814946619217082,0.5794986906098017,-0.13982521847690388,0.15667074663402691,7.717379595588435,768.1610696567835,-0.0014170515935937322,191.97260432744145,6.9125
500,74.93588894950328,33.80032529063056,1613886581619,2158.0,1780.0,1793.0,2515.0,2043.0,1044.0,1.3142509135200975,1.5895061728395061,0.5804467465199094,-0.13578947368421052,0.1129119394921664,9.508007952335667,562.8865243959403,-0.06859414464177449,185.121747742946,7.7250000000000005
